1172451,Lahore,2024-11-19 04:50:23,711,Smoke,smoke,50d,18.99,18.49,59,1018,0,1500,1.54,310,0.0,0.0,2024-11-19 01:34:14,2024-11-19 12:02:10
1174872,Karachi,2024-11-19 04:51:36,721,Haze,haze,50d,26.9,26.61,36,1018,0,2000,1.03,0,0.0,0.0,2024-11-19 01:51:12,2024-11-19 12:43:18
1162015,Islamabad,2024-11-19 04:50:04,800,Clear,clear sky,01d,18.8,18.15,54,1018,0,10000,1.39,244,0.0,0.0,2024-11-19 01:43:23,2024-11-19 12:02:42
1174042,Kharian,2024-11-19 04:51:50,800,Clear,clear sky,01d,21.1,19.92,25,1018,0,10000,1.29,328,0.0,0.0,2024-11-19 01:38:39,2024-11-19 12:01:35
1169684,Murree,2024-11-19 04:51:50,800,Clear,clear sky,01d,8.47,8.47,20,1019,0,10000,0.51,351,0.0,0.0,2024-11-19 01:42:45,2024-11-19 12:01:15
1176734,Hyderābād,2024-11-19 04:51:51,800,Clear,clear sky,01d,28.21,26.91,21,1018,0,10000,0.72,62,0.0,0.0,2024-11-19 01:46:52,2024-11-19 12:37:18
1177662,Gujranwala,2024-11-19 04:47:02,800,Clear,clear sky,01d,13.03,10.88,19,1018,0,10000,1.82,315,0.0,0.0,2024-11-19 01:36:03,2024-11-19 12:01:35
1177446,Gwadar,2024-11-19 04:51:51,800,Clear,clear sky,01d,26.03,26.03,55,1018,0,10000,2.4,303,0.0,0.0,2024-11-19 02:10:36,2024-11-19 13:01:57
1185056,Abbottabad,2024-11-19 04:51:17,800,Clear,clear sky,01d,16.26,14.54,23,1019,0,10000,1.34,10,0.0,0.0,2024-11-19 01:43:58,2024-11-19 12:01:28
1184196,Azad Kashmir,2024-11-19 04:51:18,800,Clear,clear sky,01d,12.06,9.9,22,1020,0,10000,1.46,66,0.0,0.0,2024-11-19 01:40:46,2024-11-19 11:59:06
1172451,Lahore,2024-11-19 04:50:23,711,Smoke,smoke,50d,18.99,18.49,59,1018,0,1500,1.54,310,0.0,0.0,2024-11-19 01:34:14,2024-11-19 12:02:10
1174872,Karachi,2024-11-19 04:51:36,721,Haze,haze,50d,26.9,26.61,36,1018,0,2000,1.03,0,0.0,0.0,2024-11-19 01:51:12,2024-11-19 12:43:18
1162015,Islamabad,2024-11-19 04:50:04,800,Clear,clear sky,01d,18.8,18.15,54,1018,0,10000,1.39,244,0.0,0.0,2024-11-19 01:43:23,2024-11-19 12:02:42
1174042,Kharian,2024-11-19 04:51:50,800,Clear,clear sky,01d,21.1,19.92,25,1018,0,10000,1.29,328,0.0,0.0,2024-11-19 01:38:39,2024-11-19 12:01:35
1169684,Murree,2024-11-19 04:51:50,800,Clear,clear sky,01d,8.47,8.47,20,1019,0,10000,0.51,351,0.0,0.0,2024-11-19 01:42:45,2024-11-19 12:01:15
1176734,Hyderābād,2024-11-19 04:51:51,800,Clear,clear sky,01d,28.21,26.91,21,1018,0,10000,0.72,62,0.0,0.0,2024-11-19 01:46:52,2024-11-19 12:37:18
1177662,Gujranwala,2024-11-19 04:47:02,800,Clear,clear sky,01d,13.03,10.88,19,1018,0,10000,1.82,315,0.0,0.0,2024-11-19 01:36:03,2024-11-19 12:01:35
1177446,Gwadar,2024-11-19 04:51:51,800,Clear,clear sky,01d,26.03,26.03,55,1018,0,10000,2.4,303,0.0,0.0,2024-11-19 02:10:36,2024-11-19 13:01:57
1185056,Abbottabad,2024-11-19 04:51:17,800,Clear,clear sky,01d,16.26,14.54,23,1019,0,10000,1.34,10,0.0,0.0,2024-11-19 01:43:58,2024-11-19 12:01:28
1184196,Azad Kashmir,2024-11-19 04:51:18,800,Clear,clear sky,01d,12.06,9.9,22,1020,0,10000,1.46,66,0.0,0.0,2024-11-19 01:40:46,2024-11-19 11:59:06
1172451,Lahore,2024-11-19 04:53:07,711,Smoke,smoke,50d,18.99,18.49,59,1018,0,1500,1.54,310,0.0,0.0,2024-11-19 01:34:14,2024-11-19 12:02:10
1174872,Karachi,2024-11-19 04:52:19,721,Haze,haze,50d,26.9,26.61,36,1018,0,2000,1.03,0,0.0,0.0,2024-11-19 01:51:12,2024-11-19 12:43:18
1162015,Islamabad,2024-11-19 04:49:19,800,Clear,clear sky,01d,18.8,18.15,54,1018,0,10000,1.39,244,0.0,0.0,2024-11-19 01:43:23,2024-11-19 12:02:42
1174042,Kharian,2024-11-19 04:55:04,800,Clear,clear sky,01d,21.1,19.92,25,1018,0,10000,1.29,328,0.0,0.0,2024-11-19 01:38:39,2024-11-19 12:01:35
1169684,Murree,2024-11-19 04:54:10,800,Clear,clear sky,01d,9.02,9.02,20,1019,0,10000,0.51,351,0.0,0.0,2024-11-19 01:42:45,2024-11-19 12:01:15
1176734,Hyderābād,2024-11-19 04:51:16,800,Clear,clear sky,01d,28.21,26.91,21,1018,0,10000,0.72,62,0.0,0.0,2024-11-19 01:46:52,2024-11-19 12:37:18
1177662,Gujranwala,2024-11-19 04:55:05,800,Clear,clear sky,01d,13.03,10.88,19,1018,0,10000,1.82,315,0.0,0.0,2024-11-19 01:36:03,2024-11-19 12:01:35
1177446,Gwadar,2024-11-19 04:55:06,800,Clear,clear sky,01d,26.03,26.03,55,1018,0,10000,2.4,303,0.0,0.0,2024-11-19 02:10:36,2024-11-19 13:01:57
1185056,Abbottabad,2024-11-19 04:55:06,800,Clear,clear sky,01d,16.26,14.54,23,1019,0,10000,1.34,10,0.0,0.0,2024-11-19 01:43:58,2024-11-19 12:01:28
1184196,Azad Kashmir,2024-11-19 04:51:18,800,Clear,clear sky,01d,12.06,9.9,22,1020,0,10000,1.46,66,0.0,0.0,2024-11-19 01:40:46,2024-11-19 11:59:06
1172451,Lahore,2024-11-19 04:53:07,711,Smoke,smoke,50d,18.99,18.49,59,1018,0,1500,1.54,310,0.0,0.0,2024-11-19 01:34:14,2024-11-19 12:02:10
1174872,Karachi,2024-11-19 04:52:19,721,Haze,haze,50d,26.9,26.61,36,1018,0,2000,1.03,0,0.0,0.0,2024-11-19 01:51:12,2024-11-19 12:43:18
1162015,Islamabad,2024-11-19 04:49:19,800,Clear,clear sky,01d,18.8,18.15,54,1018,0,10000,1.39,244,0.0,0.0,2024-11-19 01:43:23,2024-11-19 12:02:42
1174042,Kharian,2024-11-19 04:55:04,800,Clear,clear sky,01d,21.1,19.92,25,1018,0,10000,1.29,328,0.0,0.0,2024-11-19 01:38:39,2024-11-19 12:01:35
1169684,Murree,2024-11-19 04:54:10,800,Clear,clear sky,01d,9.02,9.02,20,1019,0,10000,0.51,351,0.0,0.0,2024-11-19 01:42:45,2024-11-19 12:01:15
1176734,Hyderābād,2024-11-19 04:51:16,800,Clear,clear sky,01d,28.21,26.91,21,1018,0,10000,0.72,62,0.0,0.0,2024-11-19 01:46:52,2024-11-19 12:37:18
1177662,Gujranwala,2024-11-19 04:55:05,800,Clear,clear sky,01d,13.03,10.88,19,1018,0,10000,1.82,315,0.0,0.0,2024-11-19 01:36:03,2024-11-19 12:01:35
1177446,Gwadar,2024-11-19 04:55:06,800,Clear,clear sky,01d,26.03,26.03,55,1018,0,10000,2.4,303,0.0,0.0,2024-11-19 02:10:36,2024-11-19 13:01:57
1185056,Abbottabad,2024-11-19 04:55:06,800,Clear,clear sky,01d,16.26,14.54,23,1019,0,10000,1.34,10,0.0,0.0,2024-11-19 01:43:58,2024-11-19 12:01:28
1184196,Azad Kashmir,2024-11-19 04:51:18,800,Clear,clear sky,01d,12.06,9.9,22,1020,0,10000,1.46,66,0.0,0.0,2024-11-19 01:40:46,2024-11-19 11:59:06
1172451,Lahore,2024-11-19 04:56:29,711,Smoke,smoke,50d,18.99,18.49,59,1018,0,1500,1.54,310,0.0,0.0,2024-11-19 01:34:14,2024-11-19 12:02:10
1174872,Karachi,2024-11-19 04:56:54,721,Haze,haze,50d,26.9,26.61,36,1018,0,2000,1.03,0,0.0,0.0,2024-11-19 01:51:12,2024-11-19 12:43:18
1162015,Islamabad,2024-11-19 04:50:34,800,Clear,clear sky,01d,18.8,18.12,53,1018,0,10000,1.39,244,0.0,0.0,2024-11-19 01:43:23,2024-11-19 12:02:42
1174042,Kharian,2024-11-19 04:57:12,800,Clear,clear sky,01d,21.1,19.92,25,1018,0,10000,1.29,328,0.0,0.0,2024-11-19 01:38:39,2024-11-19 12:01:35
1169684,Murree,2024-11-19 04:54:10,800,Clear,clear sky,01d,9.02,9.02,20,1019,0,10000,0.51,351,0.0,0.0,2024-11-19 01:42:45,2024-11-19 12:01:15
1176734,Hyderābād,2024-11-19 04:57:13,800,Clear,clear sky,01d,28.21,26.91,21,1018,0,10000,0.72,62,0.0,0.0,2024-11-19 01:46:52,2024-11-19 12:37:18
1177662,Gujranwala,2024-11-19 04:55:05,800,Clear,clear sky,01d,13.03,10.88,19,1018,0,10000,1.82,315,0.0,0.0,2024-11-19 01:36:03,2024-11-19 12:01:35
1177446,Gwadar,2024-11-19 04:57:13,800,Clear,clear sky,01d,26.03,26.03,55,1018,0,10000,2.4,303,0.0,0.0,2024-11-19 02:10:36,2024-11-19 13:01:57
1185056,Abbottabad,2024-11-19 04:57:14,800,Clear,clear sky,01d,16.26,14.54,23,1019,0,10000,1.34,10,0.0,0.0,2024-11-19 01:43:58,2024-11-19 12:01:28
1184196,Azad Kashmir,2024-11-19 04:57:14,800,Clear,clear sky,01d,12.06,9.9,22,1020,0,10000,1.46,66,0.0,0.0,2024-11-19 01:40:46,2024-11-19 11:59:06
1172451,Lahore,2024-11-19 04:56:29,711,Smoke,smoke,50d,18.99,18.49,59,1018,0,1500,1.54,310,0.0,0.0,2024-11-19 01:34:14,2024-11-19 12:02:10
1174872,Karachi,2024-11-19 04:56:54,721,Haze,haze,50d,26.9,26.61,36,1018,0,2000,1.03,0,0.0,0.0,2024-11-19 01:51:12,2024-11-19 12:43:18
1162015,Islamabad,2024-11-19 04:50:34,800,Clear,clear sky,01d,18.8,18.12,53,1018,0,10000,1.39,244,0.0,0.0,2024-11-19 01:43:23,2024-11-19 12:02:42
1174042,Kharian,2024-11-19 04:57:12,800,Clear,clear sky,01d,21.1,19.92,25,1018,0,10000,1.29,328,0.0,0.0,2024-11-19 01:38:39,2024-11-19 12:01:35
1169684,Murree,2024-11-19 04:54:10,800,Clear,clear sky,01d,9.02,9.02,20,1019,0,10000,0.51,351,0.0,0.0,2024-11-19 01:42:45,2024-11-19 12:01:15
1176734,Hyderābād,2024-11-19 04:57:13,800,Clear,clear sky,01d,28.21,26.91,21,1018,0,10000,0.72,62,0.0,0.0,2024-11-19 01:46:52,2024-11-19 12:37:18
1177662,Gujranwala,2024-11-19 04:55:05,800,Clear,clear sky,01d,13.03,10.88,19,1018,0,10000,1.82,315,0.0,0.0,2024-11-19 01:36:03,2024-11-19 12:01:35
1177446,Gwadar,2024-11-19 04:57:13,800,Clear,clear sky,01d,26.03,26.03,55,1018,0,10000,2.4,303,0.0,0.0,2024-11-19 02:10:36,2024-11-19 13:01:57
1185056,Abbottabad,2024-11-19 04:57:14,800,Clear,clear sky,01d,16.26,14.54,23,1019,0,10000,1.34,10,0.0,0.0,2024-11-19 01:43:58,2024-11-19 12:01:28
1184196,Azad Kashmir,2024-11-19 04:57:14,800,Clear,clear sky,01d,12.06,9.9,22,1020,0,10000,1.46,66,0.0,0.0,2024-11-19 01:40:46,2024-11-19 11:59:06
1172451,Lahore,2024-11-19 04:50:23,711,Smoke,smoke,50d,18.99,18.49,59,1018,0,1500,1.54,310,0.0,0.0,2024-11-19 01:34:14,2024-11-19 12:02:10
1174872,Karachi,2024-11-19 04:56:54,721,Haze,haze,50d,26.9,26.61,36,1018,0,2000,1.03,0,0.0,0.0,2024-11-19 01:51:12,2024-11-19 12:43:18
1162015,Islamabad,2024-11-19 04:50:04,800,Clear,clear sky,01d,18.8,18.15,54,1018,0,10000,1.39,244,0.0,0.0,2024-11-19 01:43:23,2024-11-19 12:02:42
1174042,Kharian,2024-11-19 04:57:12,800,Clear,clear sky,01d,21.1,19.92,25,1018,0,10000,1.29,328,0.0,0.0,2024-11-19 01:38:39,2024-11-19 12:01:35
1169684,Murree,2024-11-19 04:59:20,800,Clear,clear sky,01d,9.02,9.02,20,1019,0,10000,0.51,351,0.0,0.0,2024-11-19 01:42:45,2024-11-19 12:01:15
1176734,Hyderābād,2024-11-19 04:52:20,800,Clear,clear sky,01d,28.21,26.91,21,1018,0,10000,0.72,62,0.0,0.0,2024-11-19 01:46:52,2024-11-19 12:37:18
1177662,Gujranwala,2024-11-19 04:57:11,800,Clear,clear sky,01d,13.03,10.88,19,1018,0,10000,1.82,315,0.0,0.0,2024-11-19 01:36:03,2024-11-19 12:01:35
1177446,Gwadar,2024-11-19 04:57:13,800,Clear,clear sky,01d,26.03,26.03,55,1018,0,10000,2.4,303,0.0,0.0,2024-11-19 02:10:36,2024-11-19 13:01:57
1185056,Abbottabad,2024-11-19 04:57:14,800,Clear,clear sky,01d,16.26,14.54,23,1019,0,10000,1.34,10,0.0,0.0,2024-11-19 01:43:58,2024-11-19 12:01:28
1184196,Azad Kashmir,2024-11-19 04:59:22,800,Clear,clear sky,01d,12.06,9.9,22,1020,0,10000,1.46,66,0.0,0.0,2024-11-19 01:40:46,2024-11-19 11:59:06
1172451,Lahore,2024-11-19 04:50:23,711,Smoke,smoke,50d,18.99,18.49,59,1018,0,1500,1.54,310,0.0,0.0,2024-11-19 01:34:14,2024-11-19 12:02:10
1174872,Karachi,2024-11-19 04:56:54,721,Haze,haze,50d,26.9,26.61,36,1018,0,2000,1.03,0,0.0,0.0,2024-11-19 01:51:12,2024-11-19 12:43:18
1162015,Islamabad,2024-11-19 04:50:04,800,Clear,clear sky,01d,18.8,18.15,54,1018,0,10000,1.39,244,0.0,0.0,2024-11-19 01:43:23,2024-11-19 12:02:42
1174042,Kharian,2024-11-19 04:57:12,800,Clear,clear sky,01d,21.1,19.92,25,1018,0,10000,1.29,328,0.0,0.0,2024-11-19 01:38:39,2024-11-19 12:01:35
1169684,Murree,2024-11-19 04:59:20,800,Clear,clear sky,01d,9.02,9.02,20,1019,0,10000,0.51,351,0.0,0.0,2024-11-19 01:42:45,2024-11-19 12:01:15
1176734,Hyderābād,2024-11-19 04:52:20,800,Clear,clear sky,01d,28.21,26.91,21,1018,0,10000,0.72,62,0.0,0.0,2024-11-19 01:46:52,2024-11-19 12:37:18
1177662,Gujranwala,2024-11-19 04:57:11,800,Clear,clear sky,01d,13.03,10.88,19,1018,0,10000,1.82,315,0.0,0.0,2024-11-19 01:36:03,2024-11-19 12:01:35
1177446,Gwadar,2024-11-19 04:57:13,800,Clear,clear sky,01d,26.03,26.03,55,1018,0,10000,2.4,303,0.0,0.0,2024-11-19 02:10:36,2024-11-19 13:01:57
1185056,Abbottabad,2024-11-19 04:57:14,800,Clear,clear sky,01d,16.26,14.54,23,1019,0,10000,1.34,10,0.0,0.0,2024-11-19 01:43:58,2024-11-19 12:01:28
1184196,Azad Kashmir,2024-11-19 04:59:22,800,Clear,clear sky,01d,12.06,9.9,22,1020,0,10000,1.46,66,0.0,0.0,2024-11-19 01:40:46,2024-11-19 11:59:06
1172451,Lahore,2024-11-19 04:50:23,711,Smoke,smoke,50d,18.99,18.49,59,1018,0,1500,1.54,310,0.0,0.0,2024-11-19 01:34:14,2024-11-19 12:02:10
1174872,Karachi,2024-11-19 04:56:54,721,Haze,haze,50d,26.9,26.61,36,1018,0,2000,1.03,0,0.0,0.0,2024-11-19 01:51:12,2024-11-19 12:43:18
1162015,Islamabad,2024-11-19 04:50:04,800,Clear,clear sky,01d,18.8,18.15,54,1018,0,10000,1.39,244,0.0,0.0,2024-11-19 01:43:23,2024-11-19 12:02:42
1174042,Kharian,2024-11-19 04:57:12,800,Clear,clear sky,01d,21.1,19.92,25,1018,0,10000,1.29,328,0.0,0.0,2024-11-19 01:38:39,2024-11-19 12:01:35
1169684,Murree,2024-11-19 04:59:20,800,Clear,clear sky,01d,9.02,9.02,20,1019,0,10000,0.51,351,0.0,0.0,2024-11-19 01:42:45,2024-11-19 12:01:15
1176734,Hyderābād,2024-11-19 04:52:20,800,Clear,clear sky,01d,28.21,26.91,21,1018,0,10000,0.72,62,0.0,0.0,2024-11-19 01:46:52,2024-11-19 12:37:18
1177662,Gujranwala,2024-11-19 04:57:11,800,Clear,clear sky,01d,13.03,10.88,19,1018,0,10000,1.82,315,0.0,0.0,2024-11-19 01:36:03,2024-11-19 12:01:35
1177446,Gwadar,2024-11-19 04:57:13,800,Clear,clear sky,01d,26.03,26.03,55,1018,0,10000,2.4,303,0.0,0.0,2024-11-19 02:10:36,2024-11-19 13:01:57
1185056,Abbottabad,2024-11-19 04:57:14,800,Clear,clear sky,01d,16.26,14.54,23,1019,0,10000,1.34,10,0.0,0.0,2024-11-19 01:43:58,2024-11-19 12:01:28
1184196,Azad Kashmir,2024-11-19 04:59:22,800,Clear,clear sky,01d,12.06,9.9,22,1020,0,10000,1.46,66,0.0,0.0,2024-11-19 01:40:46,2024-11-19 11:59:06
1172451,Lahore,2024-11-19 04:59:44,711,Smoke,smoke,50d,18.99,18.49,59,1018,0,1500,1.54,310,0.0,0.0,2024-11-19 01:34:14,2024-11-19 12:02:10
1174872,Karachi,2024-11-19 04:56:54,721,Haze,haze,50d,26.9,26.61,36,1018,0,2000,1.03,0,0.0,0.0,2024-11-19 01:51:12,2024-11-19 12:43:18
1162015,Islamabad,2024-11-19 04:50:04,800,Clear,clear sky,01d,18.8,18.15,54,1018,0,10000,1.39,244,0.0,0.0,2024-11-19 01:43:23,2024-11-19 12:02:42
1174042,Kharian,2024-11-19 04:57:12,800,Clear,clear sky,01d,21.1,19.92,25,1018,0,10000,1.29,328,0.0,0.0,2024-11-19 01:38:39,2024-11-19 12:01:35
1169684,Murree,2024-11-19 04:59:20,800,Clear,clear sky,01d,9.02,9.02,20,1019,0,10000,0.51,351,0.0,0.0,2024-11-19 01:42:45,2024-11-19 12:01:15
1176734,Hyderābād,2024-11-19 05:02:23,800,Clear,clear sky,01d,28.21,26.91,21,1018,0,10000,0.72,62,0.0,0.0,2024-11-19 01:46:52,2024-11-19 12:37:18
1177662,Gujranwala,2024-11-19 04:57:11,800,Clear,clear sky,01d,13.03,10.88,19,1018,0,10000,1.82,315,0.0,0.0,2024-11-19 01:36:03,2024-11-19 12:01:35
1177446,Gwadar,2024-11-19 04:57:13,800,Clear,clear sky,01d,26.03,26.03,55,1018,0,10000,2.4,303,0.0,0.0,2024-11-19 02:10:36,2024-11-19 13:01:57
1185056,Abbottabad,2024-11-19 04:57:14,800,Clear,clear sky,01d,16.26,14.54,23,1019,0,10000,1.34,10,0.0,0.0,2024-11-19 01:43:58,2024-11-19 12:01:28
1184196,Azad Kashmir,2024-11-19 04:59:22,800,Clear,clear sky,01d,12.06,9.9,22,1020,0,10000,1.46,66,0.0,0.0,2024-11-19 01:40:46,2024-11-19 11:59:06
1172451,Lahore,2024-11-19 04:59:44,711,Smoke,smoke,50d,18.99,18.49,59,1018,0,1500,1.54,310,0.0,0.0,2024-11-19 01:34:14,2024-11-19 12:02:10
1174872,Karachi,2024-11-19 04:56:54,721,Haze,haze,50d,26.9,26.61,36,1018,0,2000,1.03,0,0.0,0.0,2024-11-19 01:51:12,2024-11-19 12:43:18
1162015,Islamabad,2024-11-19 05:03:34,800,Clear,clear sky,01d,19.91,19.29,51,1018,0,10000,1.39,244,0.0,0.0,2024-11-19 01:43:23,2024-11-19 12:02:42
1174042,Kharian,2024-11-19 04:57:12,800,Clear,clear sky,01d,21.1,19.92,25,1018,0,10000,1.29,328,0.0,0.0,2024-11-19 01:38:39,2024-11-19 12:01:35
1169684,Murree,2024-11-19 04:59:20,800,Clear,clear sky,01d,9.02,9.02,20,1019,0,10000,0.51,351,0.0,0.0,2024-11-19 01:42:45,2024-11-19 12:01:15
1176734,Hyderābād,2024-11-19 05:02:23,800,Clear,clear sky,01d,28.21,26.91,21,1018,0,10000,0.72,62,0.0,0.0,2024-11-19 01:46:52,2024-11-19 12:37:18
1177662,Gujranwala,2024-11-19 04:57:11,800,Clear,clear sky,01d,13.03,10.88,19,1018,0,10000,1.82,315,0.0,0.0,2024-11-19 01:36:03,2024-11-19 12:01:35
1177446,Gwadar,2024-11-19 04:57:13,800,Clear,clear sky,01d,26.03,26.03,55,1018,0,10000,2.4,303,0.0,0.0,2024-11-19 02:10:36,2024-11-19 13:01:57
1185056,Abbottabad,2024-11-19 04:57:14,800,Clear,clear sky,01d,16.26,14.54,23,1019,0,10000,1.34,10,0.0,0.0,2024-11-19 01:43:58,2024-11-19 12:01:28
1184196,Azad Kashmir,2024-11-19 04:59:22,800,Clear,clear sky,01d,12.06,9.9,22,1020,0,10000,1.46,66,0.0,0.0,2024-11-19 01:40:46,2024-11-19 11:59:06
1172451,Lahore,2024-11-19 04:59:44,711,Smoke,smoke,50d,18.99,18.49,59,1018,0,1500,1.54,310,0.0,0.0,2024-11-19 01:34:14,2024-11-19 12:02:10
1174872,Karachi,2024-11-19 04:56:54,721,Haze,haze,50d,26.9,26.61,36,1018,0,2000,1.03,0,0.0,0.0,2024-11-19 01:51:12,2024-11-19 12:43:18
1162015,Islamabad,2024-11-19 05:03:34,800,Clear,clear sky,01d,19.91,19.29,51,1018,0,10000,1.39,244,0.0,0.0,2024-11-19 01:43:23,2024-11-19 12:02:42
1174042,Kharian,2024-11-19 04:57:12,800,Clear,clear sky,01d,21.1,19.92,25,1018,0,10000,1.29,328,0.0,0.0,2024-11-19 01:38:39,2024-11-19 12:01:35
1169684,Murree,2024-11-19 04:59:20,800,Clear,clear sky,01d,9.02,9.02,20,1019,0,10000,0.51,351,0.0,0.0,2024-11-19 01:42:45,2024-11-19 12:01:15
1176734,Hyderābād,2024-11-19 05:02:23,800,Clear,clear sky,01d,28.21,26.91,21,1018,0,10000,0.72,62,0.0,0.0,2024-11-19 01:46:52,2024-11-19 12:37:18
1177662,Gujranwala,2024-11-19 04:57:11,800,Clear,clear sky,01d,13.03,10.88,19,1018,0,10000,1.82,315,0.0,0.0,2024-11-19 01:36:03,2024-11-19 12:01:35
1177446,Gwadar,2024-11-19 04:57:13,800,Clear,clear sky,01d,26.03,26.03,55,1018,0,10000,2.4,303,0.0,0.0,2024-11-19 02:10:36,2024-11-19 13:01:57
1185056,Abbottabad,2024-11-19 04:57:14,800,Clear,clear sky,01d,16.26,14.54,23,1019,0,10000,1.34,10,0.0,0.0,2024-11-19 01:43:58,2024-11-19 12:01:28
1184196,Azad Kashmir,2024-11-19 04:59:22,800,Clear,clear sky,01d,12.06,9.9,22,1020,0,10000,1.46,66,0.0,0.0,2024-11-19 01:40:46,2024-11-19 11:59:06
1172451,Lahore,2024-11-19 04:59:44,711,Smoke,smoke,50d,18.99,18.49,59,1018,0,1500,1.54,310,0.0,0.0,2024-11-19 01:34:14,2024-11-19 12:02:10
1174872,Karachi,2024-11-19 04:56:54,721,Haze,haze,50d,26.9,26.61,36,1018,0,2000,1.03,0,0.0,0.0,2024-11-19 01:51:12,2024-11-19 12:43:18
1162015,Islamabad,2024-11-19 05:03:34,800,Clear,clear sky,01d,19.91,19.29,51,1018,0,10000,1.39,244,0.0,0.0,2024-11-19 01:43:23,2024-11-19 12:02:42
1174042,Kharian,2024-11-19 04:57:12,800,Clear,clear sky,01d,21.1,19.92,25,1018,0,10000,1.29,328,0.0,0.0,2024-11-19 01:38:39,2024-11-19 12:01:35
1169684,Murree,2024-11-19 04:59:20,800,Clear,clear sky,01d,9.02,9.02,20,1019,0,10000,0.51,351,0.0,0.0,2024-11-19 01:42:45,2024-11-19 12:01:15
1176734,Hyderābād,2024-11-19 05:02:23,800,Clear,clear sky,01d,28.21,26.91,21,1018,0,10000,0.72,62,0.0,0.0,2024-11-19 01:46:52,2024-11-19 12:37:18
1177662,Gujranwala,2024-11-19 04:57:11,800,Clear,clear sky,01d,13.03,10.88,19,1018,0,10000,1.82,315,0.0,0.0,2024-11-19 01:36:03,2024-11-19 12:01:35
1177446,Gwadar,2024-11-19 04:57:13,800,Clear,clear sky,01d,26.03,26.03,55,1018,0,10000,2.4,303,0.0,0.0,2024-11-19 02:10:36,2024-11-19 13:01:57
1185056,Abbottabad,2024-11-19 04:57:14,800,Clear,clear sky,01d,16.26,14.54,23,1019,0,10000,1.34,10,0.0,0.0,2024-11-19 01:43:58,2024-11-19 12:01:28
1184196,Azad Kashmir,2024-11-19 04:59:22,800,Clear,clear sky,01d,12.06,9.9,22,1020,0,10000,1.46,66,0.0,0.0,2024-11-19 01:40:46,2024-11-19 11:59:06
1172451,Lahore,2024-11-19 04:59:44,711,Smoke,smoke,50d,18.99,18.49,59,1018,0,1500,1.54,310,0.0,0.0,2024-11-19 01:34:14,2024-11-19 12:02:10
1174872,Karachi,2024-11-19 04:56:54,721,Haze,haze,50d,26.9,26.61,36,1018,0,2000,1.03,0,0.0,0.0,2024-11-19 01:51:12,2024-11-19 12:43:18
1162015,Islamabad,2024-11-19 05:03:34,800,Clear,clear sky,01d,19.91,19.29,51,1018,0,10000,1.39,244,0.0,0.0,2024-11-19 01:43:23,2024-11-19 12:02:42
1174042,Kharian,2024-11-19 04:57:12,800,Clear,clear sky,01d,21.1,19.92,25,1018,0,10000,1.29,328,0.0,0.0,2024-11-19 01:38:39,2024-11-19 12:01:35
1169684,Murree,2024-11-19 04:59:20,800,Clear,clear sky,01d,9.02,9.02,20,1019,0,10000,0.51,351,0.0,0.0,2024-11-19 01:42:45,2024-11-19 12:01:15
1176734,Hyderābād,2024-11-19 05:02:23,800,Clear,clear sky,01d,28.21,26.91,21,1018,0,10000,0.72,62,0.0,0.0,2024-11-19 01:46:52,2024-11-19 12:37:18
1177662,Gujranwala,2024-11-19 04:57:11,800,Clear,clear sky,01d,13.03,10.88,19,1018,0,10000,1.82,315,0.0,0.0,2024-11-19 01:36:03,2024-11-19 12:01:35
1177446,Gwadar,2024-11-19 04:57:13,800,Clear,clear sky,01d,26.03,26.03,55,1018,0,10000,2.4,303,0.0,0.0,2024-11-19 02:10:36,2024-11-19 13:01:57
1185056,Abbottabad,2024-11-19 04:57:14,800,Clear,clear sky,01d,16.26,14.54,23,1019,0,10000,1.34,10,0.0,0.0,2024-11-19 01:43:58,2024-11-19 12:01:28
1184196,Azad Kashmir,2024-11-19 04:59:22,800,Clear,clear sky,01d,12.06,9.9,22,1020,0,10000,1.46,66,0.0,0.0,2024-11-19 01:40:46,2024-11-19 11:59:06
1172451,Lahore,2024-11-19 04:59:44,711,Smoke,smoke,50d,18.99,18.49,59,1018,0,1500,1.54,310,0.0,0.0,2024-11-19 01:34:14,2024-11-19 12:02:10
1174872,Karachi,2024-11-19 04:56:54,721,Haze,haze,50d,26.9,26.61,36,1018,0,2000,1.03,0,0.0,0.0,2024-11-19 01:51:12,2024-11-19 12:43:18
1162015,Islamabad,2024-11-19 05:03:34,800,Clear,clear sky,01d,19.91,19.29,51,1018,0,10000,1.39,244,0.0,0.0,2024-11-19 01:43:23,2024-11-19 12:02:42
1174042,Kharian,2024-11-19 04:57:12,800,Clear,clear sky,01d,21.1,19.92,25,1018,0,10000,1.29,328,0.0,0.0,2024-11-19 01:38:39,2024-11-19 12:01:35
1169684,Murree,2024-11-19 04:59:20,800,Clear,clear sky,01d,9.02,9.02,20,1019,0,10000,0.51,351,0.0,0.0,2024-11-19 01:42:45,2024-11-19 12:01:15
1176734,Hyderābād,2024-11-19 05:02:23,800,Clear,clear sky,01d,28.21,26.91,21,1018,0,10000,0.72,62,0.0,0.0,2024-11-19 01:46:52,2024-11-19 12:37:18
1177662,Gujranwala,2024-11-19 05:06:54,800,Clear,clear sky,01d,14.03,11.98,19,1018,0,10000,1.82,315,0.0,0.0,2024-11-19 01:36:03,2024-11-19 12:01:35
1177446,Gwadar,2024-11-19 04:57:13,800,Clear,clear sky,01d,26.03,26.03,55,1018,0,10000,2.4,303,0.0,0.0,2024-11-19 02:10:36,2024-11-19 13:01:57
1185056,Abbottabad,2024-11-19 04:57:14,800,Clear,clear sky,01d,16.26,14.54,23,1019,0,10000,1.34,10,0.0,0.0,2024-11-19 01:43:58,2024-11-19 12:01:28
1184196,Azad Kashmir,2024-11-19 04:59:22,800,Clear,clear sky,01d,12.06,9.9,22,1020,0,10000,1.46,66,0.0,0.0,2024-11-19 01:40:46,2024-11-19 11:59:06
1172451,Lahore,2024-11-19 04:59:44,711,Smoke,smoke,50d,18.99,18.49,59,1018,0,1500,1.54,310,0.0,0.0,2024-11-19 01:34:14,2024-11-19 12:02:10
1174872,Karachi,2024-11-19 04:56:54,721,Haze,haze,50d,26.9,26.61,36,1018,0,2000,1.03,0,0.0,0.0,2024-11-19 01:51:12,2024-11-19 12:43:18
1162015,Islamabad,2024-11-19 05:03:34,800,Clear,clear sky,01d,19.91,19.29,51,1018,0,10000,1.39,244,0.0,0.0,2024-11-19 01:43:23,2024-11-19 12:02:42
1174042,Kharian,2024-11-19 04:57:12,800,Clear,clear sky,01d,21.1,19.92,25,1018,0,10000,1.29,328,0.0,0.0,2024-11-19 01:38:39,2024-11-19 12:01:35
1169684,Murree,2024-11-19 04:59:20,800,Clear,clear sky,01d,9.02,9.02,20,1019,0,10000,0.51,351,0.0,0.0,2024-11-19 01:42:45,2024-11-19 12:01:15
1176734,Hyderābād,2024-11-19 05:02:23,800,Clear,clear sky,01d,28.21,26.91,21,1018,0,10000,0.72,62,0.0,0.0,2024-11-19 01:46:52,2024-11-19 12:37:18
1177662,Gujranwala,2024-11-19 05:06:54,800,Clear,clear sky,01d,14.03,11.98,19,1018,0,10000,1.82,315,0.0,0.0,2024-11-19 01:36:03,2024-11-19 12:01:35
1177446,Gwadar,2024-11-19 04:57:13,800,Clear,clear sky,01d,26.03,26.03,55,1018,0,10000,2.4,303,0.0,0.0,2024-11-19 02:10:36,2024-11-19 13:01:57
1185056,Abbottabad,2024-11-19 04:57:14,800,Clear,clear sky,01d,16.26,14.54,23,1019,0,10000,1.34,10,0.0,0.0,2024-11-19 01:43:58,2024-11-19 12:01:28
1184196,Azad Kashmir,2024-11-19 04:59:22,800,Clear,clear sky,01d,12.06,9.9,22,1020,0,10000,1.46,66,0.0,0.0,2024-11-19 01:40:46,2024-11-19 11:59:06
1172451,Lahore,2024-11-19 05:09:27,711,Smoke,smoke,50d,19.99,19.51,56,1018,0,2000,0.0,0,0.0,0.0,2024-11-19 01:34:14,2024-11-19 12:02:10
1174872,Karachi,2024-11-19 05:09:43,721,Haze,haze,50d,27.9,27.22,34,1018,0,2500,1.54,0,0.0,0.0,2024-11-19 01:51:12,2024-11-19 12:43:18
1162015,Islamabad,2024-11-19 05:05:24,800,Clear,clear sky,01d,19.91,19.29,51,1018,0,10000,1.39,244,0.0,0.0,2024-11-19 01:43:23,2024-11-19 12:02:42
1174042,Kharian,2024-11-19 05:09:57,800,Clear,clear sky,01d,21.1,19.92,25,1018,0,10000,1.29,328,0.0,0.0,2024-11-19 01:38:39,2024-11-19 12:01:35
1169684,Murree,2024-11-19 05:09:57,800,Clear,clear sky,01d,9.58,9.58,20,1019,0,10000,0.51,351,0.0,0.0,2024-11-19 01:42:45,2024-11-19 12:01:15
1176734,Hyderābād,2024-11-19 05:02:41,800,Clear,clear sky,01d,28.21,26.91,21,1018,0,10000,0.72,62,0.0,0.0,2024-11-19 01:46:52,2024-11-19 12:37:18
1177662,Gujranwala,2024-11-19 05:09:13,800,Clear,clear sky,01d,14.03,11.98,19,1018,0,10000,1.82,315,0.0,0.0,2024-11-19 01:36:03,2024-11-19 12:01:35
1177446,Gwadar,2024-11-19 05:09:58,800,Clear,clear sky,01d,26.03,26.03,55,1018,0,10000,2.4,303,0.0,0.0,2024-11-19 02:10:36,2024-11-19 13:01:57
1185056,Abbottabad,2024-11-19 05:09:59,800,Clear,clear sky,01d,16.26,14.54,23,1019,0,10000,1.34,10,0.0,0.0,2024-11-19 01:43:58,2024-11-19 12:01:28
1184196,Azad Kashmir,2024-11-19 05:09:59,800,Clear,clear sky,01d,12.06,9.9,22,1020,0,10000,1.46,66,0.0,0.0,2024-11-19 01:40:46,2024-11-19 11:59:06
1172451,Lahore,2024-11-19 05:09:27,711,Smoke,smoke,50d,19.99,19.51,56,1018,0,2000,0.0,0,0.0,0.0,2024-11-19 01:34:14,2024-11-19 12:02:10
1174872,Karachi,2024-11-19 05:09:43,721,Haze,haze,50d,27.9,27.22,34,1018,0,2500,1.54,0,0.0,0.0,2024-11-19 01:51:12,2024-11-19 12:43:18
1162015,Islamabad,2024-11-19 05:05:24,800,Clear,clear sky,01d,19.91,19.29,51,1018,0,10000,1.39,244,0.0,0.0,2024-11-19 01:43:23,2024-11-19 12:02:42
1174042,Kharian,2024-11-19 05:09:57,800,Clear,clear sky,01d,21.1,19.92,25,1018,0,10000,1.29,328,0.0,0.0,2024-11-19 01:38:39,2024-11-19 12:01:35
1169684,Murree,2024-11-19 05:09:57,800,Clear,clear sky,01d,9.58,9.58,20,1019,0,10000,0.51,351,0.0,0.0,2024-11-19 01:42:45,2024-11-19 12:01:15
1176734,Hyderābād,2024-11-19 05:02:41,800,Clear,clear sky,01d,28.21,26.91,21,1018,0,10000,0.72,62,0.0,0.0,2024-11-19 01:46:52,2024-11-19 12:37:18
1177662,Gujranwala,2024-11-19 05:09:13,800,Clear,clear sky,01d,14.03,11.98,19,1018,0,10000,1.82,315,0.0,0.0,2024-11-19 01:36:03,2024-11-19 12:01:35
1177446,Gwadar,2024-11-19 05:09:58,800,Clear,clear sky,01d,26.03,26.03,55,1018,0,10000,2.4,303,0.0,0.0,2024-11-19 02:10:36,2024-11-19 13:01:57
1185056,Abbottabad,2024-11-19 05:09:59,800,Clear,clear sky,01d,16.26,14.54,23,1019,0,10000,1.34,10,0.0,0.0,2024-11-19 01:43:58,2024-11-19 12:01:28
1184196,Azad Kashmir,2024-11-19 05:09:59,800,Clear,clear sky,01d,12.06,9.9,22,1020,0,10000,1.46,66,0.0,0.0,2024-11-19 01:40:46,2024-11-19 11:59:06
1172451,Lahore,2024-11-19 05:09:56,711,Smoke,smoke,50d,19.99,19.51,56,1018,0,2000,0.0,0,0.0,0.0,2024-11-19 01:34:14,2024-11-19 12:02:10
1174872,Karachi,2024-11-19 05:09:53,721,Haze,haze,50d,27.9,27.22,34,1018,0,2500,1.54,0,0.0,0.0,2024-11-19 01:51:12,2024-11-19 12:43:18
1162015,Islamabad,2024-11-19 05:12:04,800,Clear,clear sky,01d,19.91,19.24,49,1018,0,10000,1.39,244,0.0,0.0,2024-11-19 01:43:23,2024-11-19 12:02:42
1174042,Kharian,2024-11-19 05:08:27,800,Clear,clear sky,01d,21.1,19.92,25,1018,0,10000,1.29,328,0.0,0.0,2024-11-19 01:38:39,2024-11-19 12:01:35
1169684,Murree,2024-11-19 05:09:57,800,Clear,clear sky,01d,9.58,9.58,20,1019,0,10000,0.51,351,0.0,0.0,2024-11-19 01:42:45,2024-11-19 12:01:15
1176734,Hyderābād,2024-11-19 05:12:06,800,Clear,clear sky,01d,28.21,26.91,21,1018,0,10000,0.72,62,0.0,0.0,2024-11-19 01:46:52,2024-11-19 12:37:18
1177662,Gujranwala,2024-11-19 05:12:06,800,Clear,clear sky,01d,14.03,11.98,19,1018,0,10000,1.82,315,0.0,0.0,2024-11-19 01:36:03,2024-11-19 12:01:35
1177446,Gwadar,2024-11-19 05:12:06,800,Clear,clear sky,01d,26.03,26.03,55,1018,0,10000,2.4,303,0.0,0.0,2024-11-19 02:10:36,2024-11-19 13:01:57
1185056,Abbottabad,2024-11-19 05:12:07,800,Clear,clear sky,01d,16.26,14.54,23,1019,0,10000,1.34,10,0.0,0.0,2024-11-19 01:43:58,2024-11-19 12:01:28
1184196,Azad Kashmir,2024-11-19 05:12:07,800,Clear,clear sky,01d,12.06,9.9,22,1020,0,10000,1.46,66,0.0,0.0,2024-11-19 01:40:46,2024-11-19 11:59:06
1172451,Lahore,2024-11-19 05:09:56,711,Smoke,smoke,50d,19.99,19.51,56,1018,0,2000,0.0,0,0.0,0.0,2024-11-19 01:34:14,2024-11-19 12:02:10
1174872,Karachi,2024-11-19 05:09:53,721,Haze,haze,50d,27.9,27.22,34,1018,0,2500,1.54,0,0.0,0.0,2024-11-19 01:51:12,2024-11-19 12:43:18
1162015,Islamabad,2024-11-19 05:12:04,800,Clear,clear sky,01d,19.91,19.24,49,1018,0,10000,1.39,244,0.0,0.0,2024-11-19 01:43:23,2024-11-19 12:02:42
1174042,Kharian,2024-11-19 05:08:27,800,Clear,clear sky,01d,21.1,19.92,25,1018,0,10000,1.29,328,0.0,0.0,2024-11-19 01:38:39,2024-11-19 12:01:35
1169684,Murree,2024-11-19 05:09:57,800,Clear,clear sky,01d,9.58,9.58,20,1019,0,10000,0.51,351,0.0,0.0,2024-11-19 01:42:45,2024-11-19 12:01:15
1176734,Hyderābād,2024-11-19 05:12:06,800,Clear,clear sky,01d,28.21,26.91,21,1018,0,10000,0.72,62,0.0,0.0,2024-11-19 01:46:52,2024-11-19 12:37:18
1177662,Gujranwala,2024-11-19 05:12:06,800,Clear,clear sky,01d,14.03,11.98,19,1018,0,10000,1.82,315,0.0,0.0,2024-11-19 01:36:03,2024-11-19 12:01:35
1177446,Gwadar,2024-11-19 05:12:06,800,Clear,clear sky,01d,26.03,26.03,55,1018,0,10000,2.4,303,0.0,0.0,2024-11-19 02:10:36,2024-11-19 13:01:57
1185056,Abbottabad,2024-11-19 05:12:07,800,Clear,clear sky,01d,16.26,14.54,23,1019,0,10000,1.34,10,0.0,0.0,2024-11-19 01:43:58,2024-11-19 12:01:28
1184196,Azad Kashmir,2024-11-19 05:12:07,800,Clear,clear sky,01d,12.06,9.9,22,1020,0,10000,1.46,66,0.0,0.0,2024-11-19 01:40:46,2024-11-19 11:59:06
1172451,Lahore,2024-11-19 05:09:56,711,Smoke,smoke,50d,19.99,19.51,56,1018,0,2000,0.0,0,0.0,0.0,2024-11-19 01:34:14,2024-11-19 12:02:10
1174872,Karachi,2024-11-19 05:09:53,721,Haze,haze,50d,27.9,27.22,34,1018,0,2500,1.54,0,0.0,0.0,2024-11-19 01:51:12,2024-11-19 12:43:18
1162015,Islamabad,2024-11-19 05:12:04,800,Clear,clear sky,01d,19.91,19.24,49,1018,0,10000,1.39,244,0.0,0.0,2024-11-19 01:43:23,2024-11-19 12:02:42
1174042,Kharian,2024-11-19 05:08:27,800,Clear,clear sky,01d,21.1,19.92,25,1018,0,10000,1.29,328,0.0,0.0,2024-11-19 01:38:39,2024-11-19 12:01:35
1169684,Murree,2024-11-19 05:09:57,800,Clear,clear sky,01d,9.58,9.58,20,1019,0,10000,0.51,351,0.0,0.0,2024-11-19 01:42:45,2024-11-19 12:01:15
1176734,Hyderābād,2024-11-19 05:12:06,800,Clear,clear sky,01d,28.21,26.91,21,1018,0,10000,0.72,62,0.0,0.0,2024-11-19 01:46:52,2024-11-19 12:37:18
1177662,Gujranwala,2024-11-19 05:12:06,800,Clear,clear sky,01d,14.03,11.98,19,1018,0,10000,1.82,315,0.0,0.0,2024-11-19 01:36:03,2024-11-19 12:01:35
1177446,Gwadar,2024-11-19 05:12:06,800,Clear,clear sky,01d,26.03,26.03,55,1018,0,10000,2.4,303,0.0,0.0,2024-11-19 02:10:36,2024-11-19 13:01:57
1185056,Abbottabad,2024-11-19 05:12:07,800,Clear,clear sky,01d,16.26,14.54,23,1019,0,10000,1.34,10,0.0,0.0,2024-11-19 01:43:58,2024-11-19 12:01:28
1184196,Azad Kashmir,2024-11-19 05:12:07,800,Clear,clear sky,01d,12.06,9.9,22,1020,0,10000,1.46,66,0.0,0.0,2024-11-19 01:40:46,2024-11-19 11:59:06
1172451,Lahore,2024-11-19 05:09:56,711,Smoke,smoke,50d,19.99,19.51,56,1018,0,2000,0.0,0,0.0,0.0,2024-11-19 01:34:14,2024-11-19 12:02:10
1174872,Karachi,2024-11-19 05:09:53,721,Haze,haze,50d,27.9,27.22,34,1018,0,2500,1.54,0,0.0,0.0,2024-11-19 01:51:12,2024-11-19 12:43:18
1162015,Islamabad,2024-11-19 05:12:04,800,Clear,clear sky,01d,19.91,19.24,49,1018,0,10000,1.39,244,0.0,0.0,2024-11-19 01:43:23,2024-11-19 12:02:42
1174042,Kharian,2024-11-19 05:08:27,800,Clear,clear sky,01d,21.1,19.92,25,1018,0,10000,1.29,328,0.0,0.0,2024-11-19 01:38:39,2024-11-19 12:01:35
1169684,Murree,2024-11-19 05:09:57,800,Clear,clear sky,01d,9.58,9.58,20,1019,0,10000,0.51,351,0.0,0.0,2024-11-19 01:42:45,2024-11-19 12:01:15
1176734,Hyderābād,2024-11-19 05:12:06,800,Clear,clear sky,01d,28.21,26.91,21,1018,0,10000,0.72,62,0.0,0.0,2024-11-19 01:46:52,2024-11-19 12:37:18
1177662,Gujranwala,2024-11-19 05:12:06,800,Clear,clear sky,01d,14.03,11.98,19,1018,0,10000,1.82,315,0.0,0.0,2024-11-19 01:36:03,2024-11-19 12:01:35
1177446,Gwadar,2024-11-19 05:12:06,800,Clear,clear sky,01d,26.03,26.03,55,1018,0,10000,2.4,303,0.0,0.0,2024-11-19 02:10:36,2024-11-19 13:01:57
1185056,Abbottabad,2024-11-19 05:12:07,800,Clear,clear sky,01d,16.26,14.54,23,1019,0,10000,1.34,10,0.0,0.0,2024-11-19 01:43:58,2024-11-19 12:01:28
1184196,Azad Kashmir,2024-11-19 05:12:07,800,Clear,clear sky,01d,12.06,9.9,22,1020,0,10000,1.46,66,0.0,0.0,2024-11-19 01:40:46,2024-11-19 11:59:06
1172451,Lahore,2024-11-19 05:09:56,711,Smoke,smoke,50d,19.99,19.51,56,1018,0,2000,0.0,0,0.0,0.0,2024-11-19 01:34:14,2024-11-19 12:02:10
1174872,Karachi,2024-11-19 05:09:53,721,Haze,haze,50d,27.9,27.22,34,1018,0,2500,1.54,0,0.0,0.0,2024-11-19 01:51:12,2024-11-19 12:43:18
1162015,Islamabad,2024-11-19 05:12:04,800,Clear,clear sky,01d,19.91,19.24,49,1018,0,10000,1.39,244,0.0,0.0,2024-11-19 01:43:23,2024-11-19 12:02:42
1174042,Kharian,2024-11-19 05:08:27,800,Clear,clear sky,01d,21.1,19.92,25,1018,0,10000,1.29,328,0.0,0.0,2024-11-19 01:38:39,2024-11-19 12:01:35
1169684,Murree,2024-11-19 05:09:57,800,Clear,clear sky,01d,9.58,9.58,20,1019,0,10000,0.51,351,0.0,0.0,2024-11-19 01:42:45,2024-11-19 12:01:15
1176734,Hyderābād,2024-11-19 05:12:06,800,Clear,clear sky,01d,28.21,26.91,21,1018,0,10000,0.72,62,0.0,0.0,2024-11-19 01:46:52,2024-11-19 12:37:18
1177662,Gujranwala,2024-11-19 05:12:06,800,Clear,clear sky,01d,14.03,11.98,19,1018,0,10000,1.82,315,0.0,0.0,2024-11-19 01:36:03,2024-11-19 12:01:35
1177446,Gwadar,2024-11-19 05:12:06,800,Clear,clear sky,01d,26.03,26.03,55,1018,0,10000,2.4,303,0.0,0.0,2024-11-19 02:10:36,2024-11-19 13:01:57
1185056,Abbottabad,2024-11-19 05:12:07,800,Clear,clear sky,01d,16.26,14.54,23,1019,0,10000,1.34,10,0.0,0.0,2024-11-19 01:43:58,2024-11-19 12:01:28
1184196,Azad Kashmir,2024-11-19 05:12:07,800,Clear,clear sky,01d,12.06,9.9,22,1020,0,10000,1.46,66,0.0,0.0,2024-11-19 01:40:46,2024-11-19 11:59:06
1172451,Lahore,2024-11-19 05:09:56,711,Smoke,smoke,50d,19.99,19.51,56,1018,0,2000,0.0,0,0.0,0.0,2024-11-19 01:34:14,2024-11-19 12:02:10
1174872,Karachi,2024-11-19 05:09:53,721,Haze,haze,50d,27.9,27.22,34,1018,0,2500,1.54,0,0.0,0.0,2024-11-19 01:51:12,2024-11-19 12:43:18
1162015,Islamabad,2024-11-19 05:12:04,800,Clear,clear sky,01d,19.91,19.24,49,1018,0,10000,1.39,244,0.0,0.0,2024-11-19 01:43:23,2024-11-19 12:02:42
1174042,Kharian,2024-11-19 05:08:27,800,Clear,clear sky,01d,21.1,19.92,25,1018,0,10000,1.29,328,0.0,0.0,2024-11-19 01:38:39,2024-11-19 12:01:35
1169684,Murree,2024-11-19 05:09:57,800,Clear,clear sky,01d,9.58,9.58,20,1019,0,10000,0.51,351,0.0,0.0,2024-11-19 01:42:45,2024-11-19 12:01:15
1176734,Hyderābād,2024-11-19 05:12:06,800,Clear,clear sky,01d,28.21,26.91,21,1018,0,10000,0.72,62,0.0,0.0,2024-11-19 01:46:52,2024-11-19 12:37:18
1177662,Gujranwala,2024-11-19 05:12:06,800,Clear,clear sky,01d,14.03,11.98,19,1018,0,10000,1.82,315,0.0,0.0,2024-11-19 01:36:03,2024-11-19 12:01:35
1177446,Gwadar,2024-11-19 05:12:06,800,Clear,clear sky,01d,26.03,26.03,55,1018,0,10000,2.4,303,0.0,0.0,2024-11-19 02:10:36,2024-11-19 13:01:57
1185056,Abbottabad,2024-11-19 05:12:07,800,Clear,clear sky,01d,16.26,14.54,23,1019,0,10000,1.34,10,0.0,0.0,2024-11-19 01:43:58,2024-11-19 12:01:28
1184196,Azad Kashmir,2024-11-19 05:12:07,800,Clear,clear sky,01d,12.06,9.9,22,1020,0,10000,1.46,66,0.0,0.0,2024-11-19 01:40:46,2024-11-19 11:59:06
1172451,Lahore,2024-11-19 05:09:56,711,Smoke,smoke,50d,19.99,19.51,56,1018,0,2000,0.0,0,0.0,0.0,2024-11-19 01:34:14,2024-11-19 12:02:10
1174872,Karachi,2024-11-19 05:09:53,721,Haze,haze,50d,27.9,27.22,34,1018,0,2500,1.54,0,0.0,0.0,2024-11-19 01:51:12,2024-11-19 12:43:18
1162015,Islamabad,2024-11-19 05:12:04,800,Clear,clear sky,01d,19.91,19.24,49,1018,0,10000,1.39,244,0.0,0.0,2024-11-19 01:43:23,2024-11-19 12:02:42
1174042,Kharian,2024-11-19 05:08:27,800,Clear,clear sky,01d,21.1,19.92,25,1018,0,10000,1.29,328,0.0,0.0,2024-11-19 01:38:39,2024-11-19 12:01:35
1169684,Murree,2024-11-19 05:09:57,800,Clear,clear sky,01d,9.58,9.58,20,1019,0,10000,0.51,351,0.0,0.0,2024-11-19 01:42:45,2024-11-19 12:01:15
1176734,Hyderābād,2024-11-19 05:12:06,800,Clear,clear sky,01d,28.21,26.91,21,1018,0,10000,0.72,62,0.0,0.0,2024-11-19 01:46:52,2024-11-19 12:37:18
1177662,Gujranwala,2024-11-19 05:12:06,800,Clear,clear sky,01d,14.03,11.98,19,1018,0,10000,1.82,315,0.0,0.0,2024-11-19 01:36:03,2024-11-19 12:01:35
1177446,Gwadar,2024-11-19 05:12:06,800,Clear,clear sky,01d,26.03,26.03,55,1018,0,10000,2.4,303,0.0,0.0,2024-11-19 02:10:36,2024-11-19 13:01:57
1185056,Abbottabad,2024-11-19 05:12:07,800,Clear,clear sky,01d,16.26,14.54,23,1019,0,10000,1.34,10,0.0,0.0,2024-11-19 01:43:58,2024-11-19 12:01:28
1184196,Azad Kashmir,2024-11-19 05:12:07,800,Clear,clear sky,01d,12.06,9.9,22,1020,0,10000,1.46,66,0.0,0.0,2024-11-19 01:40:46,2024-11-19 11:59:06
1172451,Lahore,2024-11-19 05:09:56,711,Smoke,smoke,50d,19.99,19.51,56,1018,0,2000,0.0,0,0.0,0.0,2024-11-19 01:34:14,2024-11-19 12:02:10
1174872,Karachi,2024-11-19 05:09:53,721,Haze,haze,50d,27.9,27.22,34,1018,0,2500,1.54,0,0.0,0.0,2024-11-19 01:51:12,2024-11-19 12:43:18
1162015,Islamabad,2024-11-19 05:12:04,800,Clear,clear sky,01d,19.91,19.24,49,1018,0,10000,1.39,244,0.0,0.0,2024-11-19 01:43:23,2024-11-19 12:02:42
1174042,Kharian,2024-11-19 05:08:27,800,Clear,clear sky,01d,21.1,19.92,25,1018,0,10000,1.29,328,0.0,0.0,2024-11-19 01:38:39,2024-11-19 12:01:35
1169684,Murree,2024-11-19 05:09:57,800,Clear,clear sky,01d,9.58,9.58,20,1019,0,10000,0.51,351,0.0,0.0,2024-11-19 01:42:45,2024-11-19 12:01:15
1176734,Hyderābād,2024-11-19 05:12:06,800,Clear,clear sky,01d,28.21,26.91,21,1018,0,10000,0.72,62,0.0,0.0,2024-11-19 01:46:52,2024-11-19 12:37:18
1177662,Gujranwala,2024-11-19 05:12:06,800,Clear,clear sky,01d,14.03,11.98,19,1018,0,10000,1.82,315,0.0,0.0,2024-11-19 01:36:03,2024-11-19 12:01:35
1177446,Gwadar,2024-11-19 05:12:06,800,Clear,clear sky,01d,26.03,26.03,55,1018,0,10000,2.4,303,0.0,0.0,2024-11-19 02:10:36,2024-11-19 13:01:57
1185056,Abbottabad,2024-11-19 05:12:07,800,Clear,clear sky,01d,16.26,14.54,23,1019,0,10000,1.34,10,0.0,0.0,2024-11-19 01:43:58,2024-11-19 12:01:28
1184196,Azad Kashmir,2024-11-19 05:12:07,800,Clear,clear sky,01d,12.06,9.9,22,1020,0,10000,1.46,66,0.0,0.0,2024-11-19 01:40:46,2024-11-19 11:59:06
1172451,Lahore,2024-11-19 05:09:56,711,Smoke,smoke,50d,19.99,19.51,56,1018,0,2000,0.0,0,0.0,0.0,2024-11-19 01:34:14,2024-11-19 12:02:10
1174872,Karachi,2024-11-19 05:09:53,721,Haze,haze,50d,27.9,27.22,34,1018,0,2500,1.54,0,0.0,0.0,2024-11-19 01:51:12,2024-11-19 12:43:18
1162015,Islamabad,2024-11-19 05:12:04,800,Clear,clear sky,01d,19.91,19.24,49,1018,0,10000,1.39,244,0.0,0.0,2024-11-19 01:43:23,2024-11-19 12:02:42
1174042,Kharian,2024-11-19 05:08:27,800,Clear,clear sky,01d,21.1,19.92,25,1018,0,10000,1.29,328,0.0,0.0,2024-11-19 01:38:39,2024-11-19 12:01:35
1169684,Murree,2024-11-19 05:09:57,800,Clear,clear sky,01d,9.58,9.58,20,1019,0,10000,0.51,351,0.0,0.0,2024-11-19 01:42:45,2024-11-19 12:01:15
1176734,Hyderābād,2024-11-19 05:12:06,800,Clear,clear sky,01d,28.21,26.91,21,1018,0,10000,0.72,62,0.0,0.0,2024-11-19 01:46:52,2024-11-19 12:37:18
1177662,Gujranwala,2024-11-19 05:12:06,800,Clear,clear sky,01d,14.03,11.98,19,1018,0,10000,1.82,315,0.0,0.0,2024-11-19 01:36:03,2024-11-19 12:01:35
1177446,Gwadar,2024-11-19 05:12:06,800,Clear,clear sky,01d,26.03,26.03,55,1018,0,10000,2.4,303,0.0,0.0,2024-11-19 02:10:36,2024-11-19 13:01:57
1185056,Abbottabad,2024-11-19 05:12:07,800,Clear,clear sky,01d,16.26,14.54,23,1019,0,10000,1.34,10,0.0,0.0,2024-11-19 01:43:58,2024-11-19 12:01:28
1184196,Azad Kashmir,2024-11-19 05:12:07,800,Clear,clear sky,01d,12.06,9.9,22,1020,0,10000,1.46,66,0.0,0.0,2024-11-19 01:40:46,2024-11-19 11:59:06
1172451,Lahore,2024-11-19 05:09:56,711,Smoke,smoke,50d,19.99,19.51,56,1018,0,2000,0.0,0,0.0,0.0,2024-11-19 01:34:14,2024-11-19 12:02:10
1174872,Karachi,2024-11-19 05:09:53,721,Haze,haze,50d,27.9,27.22,34,1018,0,2500,1.54,0,0.0,0.0,2024-11-19 01:51:12,2024-11-19 12:43:18
1162015,Islamabad,2024-11-19 05:12:04,800,Clear,clear sky,01d,19.91,19.24,49,1018,0,10000,1.39,244,0.0,0.0,2024-11-19 01:43:23,2024-11-19 12:02:42
1174042,Kharian,2024-11-19 05:08:27,800,Clear,clear sky,01d,21.1,19.92,25,1018,0,10000,1.29,328,0.0,0.0,2024-11-19 01:38:39,2024-11-19 12:01:35
1169684,Murree,2024-11-19 05:09:57,800,Clear,clear sky,01d,9.58,9.58,20,1019,0,10000,0.51,351,0.0,0.0,2024-11-19 01:42:45,2024-11-19 12:01:15
1176734,Hyderābād,2024-11-19 05:12:06,800,Clear,clear sky,01d,28.21,26.91,21,1018,0,10000,0.72,62,0.0,0.0,2024-11-19 01:46:52,2024-11-19 12:37:18
1177662,Gujranwala,2024-11-19 05:12:06,800,Clear,clear sky,01d,14.03,11.98,19,1018,0,10000,1.82,315,0.0,0.0,2024-11-19 01:36:03,2024-11-19 12:01:35
1177446,Gwadar,2024-11-19 05:12:06,800,Clear,clear sky,01d,26.03,26.03,55,1018,0,10000,2.4,303,0.0,0.0,2024-11-19 02:10:36,2024-11-19 13:01:57
1185056,Abbottabad,2024-11-19 05:12:07,800,Clear,clear sky,01d,16.26,14.54,23,1019,0,10000,1.34,10,0.0,0.0,2024-11-19 01:43:58,2024-11-19 12:01:28
1184196,Azad Kashmir,2024-11-19 05:12:07,800,Clear,clear sky,01d,12.06,9.9,22,1020,0,10000,1.46,66,0.0,0.0,2024-11-19 01:40:46,2024-11-19 11:59:06
1172451,Lahore,2024-11-19 05:21:31,711,Smoke,smoke,50d,19.99,19.51,56,1018,0,2000,0.0,0,0.0,0.0,2024-11-19 01:34:14,2024-11-19 12:02:10
1174872,Karachi,2024-11-19 05:19:55,721,Haze,haze,50d,27.9,27.22,34,1018,0,2500,1.54,0,0.0,0.0,2024-11-19 01:51:12,2024-11-19 12:43:18
1162015,Islamabad,2024-11-19 05:18:13,800,Clear,clear sky,01d,20.47,19.83,48,1018,0,10000,1.39,244,0.0,0.0,2024-11-19 01:43:23,2024-11-19 12:02:42
1174042,Kharian,2024-11-19 05:22:42,800,Clear,clear sky,01d,21.1,19.92,25,1018,0,10000,1.29,328,0.0,0.0,2024-11-19 01:38:39,2024-11-19 12:01:35
1169684,Murree,2024-11-19 05:22:42,800,Clear,clear sky,01d,10.14,7.73,20,1019,0,10000,0.51,351,0.0,0.0,2024-11-19 01:42:45,2024-11-19 12:01:15
1176734,Hyderābād,2024-11-19 05:19:39,800,Clear,clear sky,01d,28.21,26.91,21,1018,0,10000,0.72,62,0.0,0.0,2024-11-19 01:46:52,2024-11-19 12:37:18
1177662,Gujranwala,2024-11-19 05:18:53,800,Clear,clear sky,01d,14.03,11.98,19,1018,0,10000,1.82,315,0.0,0.0,2024-11-19 01:36:03,2024-11-19 12:01:35
1177446,Gwadar,2024-11-19 05:19:38,800,Clear,clear sky,01d,26.03,26.03,55,1018,0,10000,2.4,303,0.0,0.0,2024-11-19 02:10:36,2024-11-19 13:01:57
1185056,Abbottabad,2024-11-19 05:22:44,800,Clear,clear sky,01d,16.26,14.54,23,1019,0,10000,1.34,10,0.0,0.0,2024-11-19 01:43:58,2024-11-19 12:01:28
1184196,Azad Kashmir,2024-11-19 05:22:44,800,Clear,clear sky,01d,12.06,9.9,22,1020,0,10000,1.46,66,0.0,0.0,2024-11-19 01:40:46,2024-11-19 11:59:06
1172451,Lahore,2024-11-19 05:20:01,711,Smoke,smoke,50d,19.99,19.51,56,1018,0,2000,0.0,0,0.0,0.0,2024-11-19 01:34:14,2024-11-19 12:02:10
1174872,Karachi,2024-11-19 05:20:54,721,Haze,haze,50d,27.9,27.22,34,1018,0,2500,1.54,0,0.0,0.0,2024-11-19 01:51:12,2024-11-19 12:43:18
1162015,Islamabad,2024-11-19 05:21:37,800,Clear,clear sky,01d,20.47,19.83,48,1018,0,10000,1.39,244,0.0,0.0,2024-11-19 01:43:23,2024-11-19 12:02:42
1174042,Kharian,2024-11-19 05:23:46,800,Clear,clear sky,01d,21.1,19.92,25,1018,0,10000,1.29,328,0.0,0.0,2024-11-19 01:38:39,2024-11-19 12:01:35
1169684,Murree,2024-11-19 05:23:46,800,Clear,clear sky,01d,10.14,7.73,20,1019,0,10000,0.51,351,0.0,0.0,2024-11-19 01:42:45,2024-11-19 12:01:15
1176734,Hyderābād,2024-11-19 05:19:39,800,Clear,clear sky,01d,28.21,26.91,21,1018,0,10000,0.72,62,0.0,0.0,2024-11-19 01:46:52,2024-11-19 12:37:18
1177662,Gujranwala,2024-11-19 05:21:00,800,Clear,clear sky,01d,14.03,11.98,19,1018,0,10000,1.82,315,0.0,0.0,2024-11-19 01:36:03,2024-11-19 12:01:35
1177446,Gwadar,2024-11-19 05:23:47,800,Clear,clear sky,01d,26.03,26.03,55,1018,0,10000,2.4,303,0.0,0.0,2024-11-19 02:10:36,2024-11-19 13:01:57
1185056,Abbottabad,2024-11-19 05:23:48,800,Clear,clear sky,01d,16.26,14.54,23,1019,0,10000,1.34,10,0.0,0.0,2024-11-19 01:43:58,2024-11-19 12:01:28
1184196,Azad Kashmir,2024-11-19 05:18:54,800,Clear,clear sky,01d,12.06,9.9,22,1020,0,10000,1.46,66,0.0,0.0,2024-11-19 01:40:46,2024-11-19 11:59:06
1172451,Lahore,2024-11-19 05:21:31,711,Smoke,smoke,50d,19.99,19.51,56,1018,0,2000,0.0,0,0.0,0.0,2024-11-19 01:34:14,2024-11-19 12:02:10
1174872,Karachi,2024-11-19 05:19:55,721,Haze,haze,50d,27.9,27.22,34,1018,0,2500,1.54,0,0.0,0.0,2024-11-19 01:51:12,2024-11-19 12:43:18
1162015,Islamabad,2024-11-19 05:18:13,800,Clear,clear sky,01d,20.47,19.83,48,1018,0,10000,1.39,244,0.0,0.0,2024-11-19 01:43:23,2024-11-19 12:02:42
1174042,Kharian,2024-11-19 05:22:42,800,Clear,clear sky,01d,21.1,19.92,25,1018,0,10000,1.29,328,0.0,0.0,2024-11-19 01:38:39,2024-11-19 12:01:35
1169684,Murree,2024-11-19 05:22:42,800,Clear,clear sky,01d,10.14,7.73,20,1019,0,10000,0.51,351,0.0,0.0,2024-11-19 01:42:45,2024-11-19 12:01:15
1176734,Hyderābād,2024-11-19 05:19:39,800,Clear,clear sky,01d,28.21,26.91,21,1018,0,10000,0.72,62,0.0,0.0,2024-11-19 01:46:52,2024-11-19 12:37:18
1177662,Gujranwala,2024-11-19 05:18:53,800,Clear,clear sky,01d,14.03,11.98,19,1018,0,10000,1.82,315,0.0,0.0,2024-11-19 01:36:03,2024-11-19 12:01:35
1177446,Gwadar,2024-11-19 05:19:38,800,Clear,clear sky,01d,26.03,26.03,55,1018,0,10000,2.4,303,0.0,0.0,2024-11-19 02:10:36,2024-11-19 13:01:57
1185056,Abbottabad,2024-11-19 05:22:44,800,Clear,clear sky,01d,16.26,14.54,23,1019,0,10000,1.34,10,0.0,0.0,2024-11-19 01:43:58,2024-11-19 12:01:28
1184196,Azad Kashmir,2024-11-19 05:22:44,800,Clear,clear sky,01d,12.06,9.9,22,1020,0,10000,1.46,66,0.0,0.0,2024-11-19 01:40:46,2024-11-19 11:59:06
1172451,Lahore,2024-11-19 05:21:31,711,Smoke,smoke,50d,19.99,19.51,56,1018,0,2000,0.0,0,0.0,0.0,2024-11-19 01:34:14,2024-11-19 12:02:10
1174872,Karachi,2024-11-19 05:19:55,721,Haze,haze,50d,27.9,27.22,34,1018,0,2500,1.54,0,0.0,0.0,2024-11-19 01:51:12,2024-11-19 12:43:18
1162015,Islamabad,2024-11-19 05:18:13,800,Clear,clear sky,01d,20.47,19.83,48,1018,0,10000,1.39,244,0.0,0.0,2024-11-19 01:43:23,2024-11-19 12:02:42
1174042,Kharian,2024-11-19 05:22:42,800,Clear,clear sky,01d,21.1,19.92,25,1018,0,10000,1.29,328,0.0,0.0,2024-11-19 01:38:39,2024-11-19 12:01:35
1169684,Murree,2024-11-19 05:22:42,800,Clear,clear sky,01d,10.14,7.73,20,1019,0,10000,0.51,351,0.0,0.0,2024-11-19 01:42:45,2024-11-19 12:01:15
1176734,Hyderābād,2024-11-19 05:19:39,800,Clear,clear sky,01d,28.21,26.91,21,1018,0,10000,0.72,62,0.0,0.0,2024-11-19 01:46:52,2024-11-19 12:37:18
1177662,Gujranwala,2024-11-19 05:18:53,800,Clear,clear sky,01d,14.03,11.98,19,1018,0,10000,1.82,315,0.0,0.0,2024-11-19 01:36:03,2024-11-19 12:01:35
1177446,Gwadar,2024-11-19 05:19:38,800,Clear,clear sky,01d,26.03,26.03,55,1018,0,10000,2.4,303,0.0,0.0,2024-11-19 02:10:36,2024-11-19 13:01:57
1185056,Abbottabad,2024-11-19 05:22:44,800,Clear,clear sky,01d,16.26,14.54,23,1019,0,10000,1.34,10,0.0,0.0,2024-11-19 01:43:58,2024-11-19 12:01:28
1184196,Azad Kashmir,2024-11-19 05:22:44,800,Clear,clear sky,01d,12.06,9.9,22,1020,0,10000,1.46,66,0.0,0.0,2024-11-19 01:40:46,2024-11-19 11:59:06
1172451,Lahore,2024-11-19 05:21:31,711,Smoke,smoke,50d,19.99,19.51,56,1018,0,2000,0.0,0,0.0,0.0,2024-11-19 01:34:14,2024-11-19 12:02:10
1174872,Karachi,2024-11-19 05:19:55,721,Haze,haze,50d,27.9,27.22,34,1018,0,2500,1.54,0,0.0,0.0,2024-11-19 01:51:12,2024-11-19 12:43:18
1162015,Islamabad,2024-11-19 05:18:13,800,Clear,clear sky,01d,20.47,19.83,48,1018,0,10000,1.39,244,0.0,0.0,2024-11-19 01:43:23,2024-11-19 12:02:42
1174042,Kharian,2024-11-19 05:22:42,800,Clear,clear sky,01d,21.1,19.92,25,1018,0,10000,1.29,328,0.0,0.0,2024-11-19 01:38:39,2024-11-19 12:01:35
1169684,Murree,2024-11-19 05:22:42,800,Clear,clear sky,01d,10.14,7.73,20,1019,0,10000,0.51,351,0.0,0.0,2024-11-19 01:42:45,2024-11-19 12:01:15
1176734,Hyderābād,2024-11-19 05:19:39,800,Clear,clear sky,01d,28.21,26.91,21,1018,0,10000,0.72,62,0.0,0.0,2024-11-19 01:46:52,2024-11-19 12:37:18
1177662,Gujranwala,2024-11-19 05:18:53,800,Clear,clear sky,01d,14.03,11.98,19,1018,0,10000,1.82,315,0.0,0.0,2024-11-19 01:36:03,2024-11-19 12:01:35
1177446,Gwadar,2024-11-19 05:19:38,800,Clear,clear sky,01d,26.03,26.03,55,1018,0,10000,2.4,303,0.0,0.0,2024-11-19 02:10:36,2024-11-19 13:01:57
1185056,Abbottabad,2024-11-19 05:22:44,800,Clear,clear sky,01d,16.26,14.54,23,1019,0,10000,1.34,10,0.0,0.0,2024-11-19 01:43:58,2024-11-19 12:01:28
1184196,Azad Kashmir,2024-11-19 05:22:44,800,Clear,clear sky,01d,12.06,9.9,22,1020,0,10000,1.46,66,0.0,0.0,2024-11-19 01:40:46,2024-11-19 11:59:06
1172451,Lahore,2024-11-19 05:21:31,711,Smoke,smoke,50d,19.99,19.51,56,1018,0,2000,0.0,0,0.0,0.0,2024-11-19 01:34:14,2024-11-19 12:02:10
1174872,Karachi,2024-11-19 05:19:55,721,Haze,haze,50d,27.9,27.22,34,1018,0,2500,1.54,0,0.0,0.0,2024-11-19 01:51:12,2024-11-19 12:43:18
1162015,Islamabad,2024-11-19 05:18:13,800,Clear,clear sky,01d,20.47,19.83,48,1018,0,10000,1.39,244,0.0,0.0,2024-11-19 01:43:23,2024-11-19 12:02:42
1174042,Kharian,2024-11-19 05:22:42,800,Clear,clear sky,01d,21.1,19.92,25,1018,0,10000,1.29,328,0.0,0.0,2024-11-19 01:38:39,2024-11-19 12:01:35
1169684,Murree,2024-11-19 05:22:42,800,Clear,clear sky,01d,10.14,7.73,20,1019,0,10000,0.51,351,0.0,0.0,2024-11-19 01:42:45,2024-11-19 12:01:15
1176734,Hyderābād,2024-11-19 05:19:39,800,Clear,clear sky,01d,28.21,26.91,21,1018,0,10000,0.72,62,0.0,0.0,2024-11-19 01:46:52,2024-11-19 12:37:18
1177662,Gujranwala,2024-11-19 05:18:53,800,Clear,clear sky,01d,14.03,11.98,19,1018,0,10000,1.82,315,0.0,0.0,2024-11-19 01:36:03,2024-11-19 12:01:35
1177446,Gwadar,2024-11-19 05:19:38,800,Clear,clear sky,01d,26.03,26.03,55,1018,0,10000,2.4,303,0.0,0.0,2024-11-19 02:10:36,2024-11-19 13:01:57
1185056,Abbottabad,2024-11-19 05:22:44,800,Clear,clear sky,01d,16.26,14.54,23,1019,0,10000,1.34,10,0.0,0.0,2024-11-19 01:43:58,2024-11-19 12:01:28
1184196,Azad Kashmir,2024-11-19 05:22:44,800,Clear,clear sky,01d,12.06,9.9,22,1020,0,10000,1.46,66,0.0,0.0,2024-11-19 01:40:46,2024-11-19 11:59:06
1172451,Lahore,2024-11-19 05:21:31,711,Smoke,smoke,50d,19.99,19.51,56,1018,0,2000,0.0,0,0.0,0.0,2024-11-19 01:34:14,2024-11-19 12:02:10
1174872,Karachi,2024-11-19 05:19:55,721,Haze,haze,50d,27.9,27.22,34,1018,0,2500,1.54,0,0.0,0.0,2024-11-19 01:51:12,2024-11-19 12:43:18
1162015,Islamabad,2024-11-19 05:18:13,800,Clear,clear sky,01d,20.47,19.83,48,1018,0,10000,1.39,244,0.0,0.0,2024-11-19 01:43:23,2024-11-19 12:02:42
1174042,Kharian,2024-11-19 05:22:42,800,Clear,clear sky,01d,21.1,19.92,25,1018,0,10000,1.29,328,0.0,0.0,2024-11-19 01:38:39,2024-11-19 12:01:35
1169684,Murree,2024-11-19 05:22:42,800,Clear,clear sky,01d,10.14,7.73,20,1019,0,10000,0.51,351,0.0,0.0,2024-11-19 01:42:45,2024-11-19 12:01:15
1176734,Hyderābād,2024-11-19 05:19:39,800,Clear,clear sky,01d,28.21,26.91,21,1018,0,10000,0.72,62,0.0,0.0,2024-11-19 01:46:52,2024-11-19 12:37:18
1177662,Gujranwala,2024-11-19 05:18:53,800,Clear,clear sky,01d,14.03,11.98,19,1018,0,10000,1.82,315,0.0,0.0,2024-11-19 01:36:03,2024-11-19 12:01:35
1177446,Gwadar,2024-11-19 05:19:38,800,Clear,clear sky,01d,26.03,26.03,55,1018,0,10000,2.4,303,0.0,0.0,2024-11-19 02:10:36,2024-11-19 13:01:57
1185056,Abbottabad,2024-11-19 05:22:44,800,Clear,clear sky,01d,16.26,14.54,23,1019,0,10000,1.34,10,0.0,0.0,2024-11-19 01:43:58,2024-11-19 12:01:28
1184196,Azad Kashmir,2024-11-19 05:22:44,800,Clear,clear sky,01d,12.06,9.9,22,1020,0,10000,1.46,66,0.0,0.0,2024-11-19 01:40:46,2024-11-19 11:59:06
1172451,Lahore,2024-11-19 05:22:13,711,Smoke,smoke,50d,19.99,19.51,56,1018,0,2000,0.0,0,0.0,0.0,2024-11-19 01:34:14,2024-11-19 12:02:10
1174872,Karachi,2024-11-19 05:27:54,721,Haze,haze,50d,27.9,27.22,34,1018,0,2500,1.54,0,0.0,0.0,2024-11-19 01:51:12,2024-11-19 12:43:18
1162015,Islamabad,2024-11-19 05:28:13,800,Clear,clear sky,01d,20.47,19.8,47,1018,0,10000,1.39,244,0.0,0.0,2024-11-19 01:43:23,2024-11-19 12:02:42
1174042,Kharian,2024-11-19 05:30:08,800,Clear,clear sky,01d,23.05,21.96,21,1018,0,10000,1.65,310,0.0,0.0,2024-11-19 01:38:39,2024-11-19 12:01:35
1169684,Murree,2024-11-19 05:30:09,800,Clear,clear sky,01d,10.14,7.71,19,1018,0,10000,1.16,229,0.0,0.0,2024-11-19 01:42:45,2024-11-19 12:01:15
1176734,Hyderābād,2024-11-19 05:26:59,800,Clear,clear sky,01d,28.21,26.91,21,1018,0,10000,0.72,62,0.0,0.0,2024-11-19 01:46:52,2024-11-19 12:37:18
1177662,Gujranwala,2024-11-19 05:30:10,800,Clear,clear sky,01d,14.03,11.96,18,1018,0,10000,2.12,303,0.0,0.0,2024-11-19 01:36:03,2024-11-19 12:01:35
1177446,Gwadar,2024-11-19 05:30:10,800,Clear,clear sky,01d,26.84,27.27,50,1018,0,10000,2.1,291,0.0,0.0,2024-11-19 02:10:36,2024-11-19 13:01:57
1185056,Abbottabad,2024-11-19 05:30:10,800,Clear,clear sky,01d,17.73,16.11,21,1019,0,10000,1.35,318,0.0,0.0,2024-11-19 01:43:58,2024-11-19 12:01:28
1184196,Azad Kashmir,2024-11-19 05:30:11,800,Clear,clear sky,01d,13.71,11.61,18,1019,0,10000,0.44,148,0.0,0.0,2024-11-19 01:40:46,2024-11-19 11:59:06
1172451,Lahore,2024-11-19 05:22:13,711,Smoke,smoke,50d,19.99,19.51,56,1018,0,2000,0.0,0,0.0,0.0,2024-11-19 01:34:14,2024-11-19 12:02:10
1174872,Karachi,2024-11-19 05:27:54,721,Haze,haze,50d,27.9,27.22,34,1018,0,2500,1.54,0,0.0,0.0,2024-11-19 01:51:12,2024-11-19 12:43:18
1162015,Islamabad,2024-11-19 05:28:13,800,Clear,clear sky,01d,20.47,19.8,47,1018,0,10000,1.39,244,0.0,0.0,2024-11-19 01:43:23,2024-11-19 12:02:42
1174042,Kharian,2024-11-19 05:30:08,800,Clear,clear sky,01d,23.05,21.96,21,1018,0,10000,1.65,310,0.0,0.0,2024-11-19 01:38:39,2024-11-19 12:01:35
1169684,Murree,2024-11-19 05:30:09,800,Clear,clear sky,01d,10.14,7.71,19,1018,0,10000,1.16,229,0.0,0.0,2024-11-19 01:42:45,2024-11-19 12:01:15
1176734,Hyderābād,2024-11-19 05:26:59,800,Clear,clear sky,01d,28.21,26.91,21,1018,0,10000,0.72,62,0.0,0.0,2024-11-19 01:46:52,2024-11-19 12:37:18
1177662,Gujranwala,2024-11-19 05:30:10,800,Clear,clear sky,01d,14.03,11.96,18,1018,0,10000,2.12,303,0.0,0.0,2024-11-19 01:36:03,2024-11-19 12:01:35
1177446,Gwadar,2024-11-19 05:30:10,800,Clear,clear sky,01d,26.84,27.27,50,1018,0,10000,2.1,291,0.0,0.0,2024-11-19 02:10:36,2024-11-19 13:01:57
1185056,Abbottabad,2024-11-19 05:30:10,800,Clear,clear sky,01d,17.73,16.11,21,1019,0,10000,1.35,318,0.0,0.0,2024-11-19 01:43:58,2024-11-19 12:01:28
1184196,Azad Kashmir,2024-11-19 05:30:11,800,Clear,clear sky,01d,13.71,11.61,18,1019,0,10000,0.44,148,0.0,0.0,2024-11-19 01:40:46,2024-11-19 11:59:06
1172451,Lahore,2024-11-19 05:22:13,711,Smoke,smoke,50d,19.99,19.51,56,1018,0,2000,0.0,0,0.0,0.0,2024-11-19 01:34:14,2024-11-19 12:02:10
1174872,Karachi,2024-11-19 05:27:54,721,Haze,haze,50d,27.9,27.22,34,1018,0,2500,1.54,0,0.0,0.0,2024-11-19 01:51:12,2024-11-19 12:43:18
1162015,Islamabad,2024-11-19 05:28:13,800,Clear,clear sky,01d,20.47,19.8,47,1018,0,10000,1.39,244,0.0,0.0,2024-11-19 01:43:23,2024-11-19 12:02:42
1174042,Kharian,2024-11-19 05:30:08,800,Clear,clear sky,01d,23.05,21.96,21,1018,0,10000,1.65,310,0.0,0.0,2024-11-19 01:38:39,2024-11-19 12:01:35
1169684,Murree,2024-11-19 05:30:09,800,Clear,clear sky,01d,10.14,7.71,19,1018,0,10000,1.16,229,0.0,0.0,2024-11-19 01:42:45,2024-11-19 12:01:15
1176734,Hyderābād,2024-11-19 05:26:59,800,Clear,clear sky,01d,28.21,26.91,21,1018,0,10000,0.72,62,0.0,0.0,2024-11-19 01:46:52,2024-11-19 12:37:18
1177662,Gujranwala,2024-11-19 05:30:10,800,Clear,clear sky,01d,14.03,11.96,18,1018,0,10000,2.12,303,0.0,0.0,2024-11-19 01:36:03,2024-11-19 12:01:35
1177446,Gwadar,2024-11-19 05:30:10,800,Clear,clear sky,01d,26.84,27.27,50,1018,0,10000,2.1,291,0.0,0.0,2024-11-19 02:10:36,2024-11-19 13:01:57
1185056,Abbottabad,2024-11-19 05:30:10,800,Clear,clear sky,01d,17.73,16.11,21,1019,0,10000,1.35,318,0.0,0.0,2024-11-19 01:43:58,2024-11-19 12:01:28
1184196,Azad Kashmir,2024-11-19 05:30:11,800,Clear,clear sky,01d,13.71,11.61,18,1019,0,10000,0.44,148,0.0,0.0,2024-11-19 01:40:46,2024-11-19 11:59:06
1172451,Lahore,2024-11-19 05:29:27,711,Smoke,smoke,50d,19.99,19.51,56,1018,0,2000,0.0,0,0.0,0.0,2024-11-19 01:34:14,2024-11-19 12:02:10
1174872,Karachi,2024-11-19 05:32:53,721,Haze,haze,50d,27.9,27.22,34,1017,0,2500,1.54,0,0.0,0.0,2024-11-19 01:51:12,2024-11-19 12:43:18
1162015,Islamabad,2024-11-19 05:22:46,800,Clear,clear sky,01d,20.47,19.83,48,1018,0,10000,1.39,244,0.0,0.0,2024-11-19 01:43:23,2024-11-19 12:02:42
1174042,Kharian,2024-11-19 05:30:08,800,Clear,clear sky,01d,23.05,21.96,21,1018,0,10000,1.65,310,0.0,0.0,2024-11-19 01:38:39,2024-11-19 12:01:35
1169684,Murree,2024-11-19 05:30:09,800,Clear,clear sky,01d,10.14,7.71,19,1018,0,10000,1.16,229,0.0,0.0,2024-11-19 01:42:45,2024-11-19 12:01:15
1176734,Hyderābād,2024-11-19 05:32:52,800,Clear,clear sky,01d,29.63,27.94,20,1017,0,10000,0.45,55,0.0,0.0,2024-11-19 01:46:52,2024-11-19 12:37:18
1177662,Gujranwala,2024-11-19 05:33:21,800,Clear,clear sky,01d,14.03,11.96,18,1018,0,10000,2.12,303,0.0,0.0,2024-11-19 01:36:03,2024-11-19 12:01:35
1177446,Gwadar,2024-11-19 05:33:21,800,Clear,clear sky,01d,28.05,27.64,39,1018,0,10000,1.93,286,0.0,0.0,2024-11-19 02:10:36,2024-11-19 13:01:57
1185056,Abbottabad,2024-11-19 05:30:10,800,Clear,clear sky,01d,17.73,16.11,21,1019,0,10000,1.35,318,0.0,0.0,2024-11-19 01:43:58,2024-11-19 12:01:28
1184196,Azad Kashmir,2024-11-19 05:33:22,800,Clear,clear sky,01d,13.71,11.61,18,1019,0,10000,0.44,148,0.0,0.0,2024-11-19 01:40:46,2024-11-19 11:59:06
1172451,Lahore,2024-11-19 05:29:27,711,Smoke,smoke,50d,19.99,19.51,56,1018,0,2000,0.0,0,0.0,0.0,2024-11-19 01:34:14,2024-11-19 12:02:10
1174872,Karachi,2024-11-19 05:32:53,721,Haze,haze,50d,27.9,27.22,34,1017,0,2500,1.54,0,0.0,0.0,2024-11-19 01:51:12,2024-11-19 12:43:18
1162015,Islamabad,2024-11-19 05:33:58,800,Clear,clear sky,01d,20.47,19.8,47,1018,0,10000,2.01,245,0.0,0.0,2024-11-19 01:43:23,2024-11-19 12:02:42
1174042,Kharian,2024-11-19 05:30:08,800,Clear,clear sky,01d,23.05,21.96,21,1018,0,10000,1.65,310,0.0,0.0,2024-11-19 01:38:39,2024-11-19 12:01:35
1169684,Murree,2024-11-19 05:30:09,800,Clear,clear sky,01d,10.14,7.71,19,1018,0,10000,1.16,229,0.0,0.0,2024-11-19 01:42:45,2024-11-19 12:01:15
1176734,Hyderābād,2024-11-19 05:34:25,800,Clear,clear sky,01d,29.63,27.94,20,1017,0,10000,0.45,55,0.0,0.0,2024-11-19 01:46:52,2024-11-19 12:37:18
1177662,Gujranwala,2024-11-19 05:33:42,800,Clear,clear sky,01d,14.03,11.96,18,1018,0,10000,2.12,303,0.0,0.0,2024-11-19 01:36:03,2024-11-19 12:01:35
1177446,Gwadar,2024-11-19 05:34:25,800,Clear,clear sky,01d,26.84,27.27,50,1018,0,10000,2.1,291,0.0,0.0,2024-11-19 02:10:36,2024-11-19 13:01:57
1185056,Abbottabad,2024-11-19 05:34:26,800,Clear,clear sky,01d,17.73,16.11,21,1019,0,10000,1.35,318,0.0,0.0,2024-11-19 01:43:58,2024-11-19 12:01:28
1184196,Azad Kashmir,2024-11-19 05:34:26,800,Clear,clear sky,01d,13.71,11.61,18,1019,0,10000,0.44,148,0.0,0.0,2024-11-19 01:40:46,2024-11-19 11:59:06
1172451,Lahore,2024-11-19 05:28:25,711,Smoke,smoke,50d,19.99,19.51,56,1018,0,2000,0.0,0,0.0,0.0,2024-11-19 01:34:14,2024-11-19 12:02:10
1174872,Karachi,2024-11-19 05:32:53,721,Haze,haze,50d,27.9,27.22,34,1017,0,2500,1.54,0,0.0,0.0,2024-11-19 01:51:12,2024-11-19 12:43:18
1162015,Islamabad,2024-11-19 05:33:58,800,Clear,clear sky,01d,20.47,19.8,47,1018,0,10000,2.01,245,0.0,0.0,2024-11-19 01:43:23,2024-11-19 12:02:42
1174042,Kharian,2024-11-19 05:30:08,800,Clear,clear sky,01d,23.05,21.96,21,1018,0,10000,1.65,310,0.0,0.0,2024-11-19 01:38:39,2024-11-19 12:01:35
1169684,Murree,2024-11-19 05:30:09,800,Clear,clear sky,01d,10.14,7.71,19,1018,0,10000,1.16,229,0.0,0.0,2024-11-19 01:42:45,2024-11-19 12:01:15
1176734,Hyderābād,2024-11-19 05:34:25,800,Clear,clear sky,01d,29.63,27.94,20,1017,0,10000,0.45,55,0.0,0.0,2024-11-19 01:46:52,2024-11-19 12:37:18
1177662,Gujranwala,2024-11-19 05:33:42,800,Clear,clear sky,01d,14.03,11.96,18,1018,0,10000,2.12,303,0.0,0.0,2024-11-19 01:36:03,2024-11-19 12:01:35
1177446,Gwadar,2024-11-19 05:34:25,800,Clear,clear sky,01d,26.84,27.27,50,1018,0,10000,2.1,291,0.0,0.0,2024-11-19 02:10:36,2024-11-19 13:01:57
1185056,Abbottabad,2024-11-19 05:34:26,800,Clear,clear sky,01d,17.73,16.11,21,1019,0,10000,1.35,318,0.0,0.0,2024-11-19 01:43:58,2024-11-19 12:01:28
1184196,Azad Kashmir,2024-11-19 05:34:26,800,Clear,clear sky,01d,13.71,11.61,18,1019,0,10000,0.44,148,0.0,0.0,2024-11-19 01:40:46,2024-11-19 11:59:06
1172451,Lahore,2024-11-19 05:28:25,711,Smoke,smoke,50d,19.99,19.51,56,1018,0,2000,0.0,0,0.0,0.0,2024-11-19 01:34:14,2024-11-19 12:02:10
1174872,Karachi,2024-11-19 05:32:53,721,Haze,haze,50d,27.9,27.22,34,1017,0,2500,1.54,0,0.0,0.0,2024-11-19 01:51:12,2024-11-19 12:43:18
1162015,Islamabad,2024-11-19 05:33:58,800,Clear,clear sky,01d,20.47,19.8,47,1018,0,10000,2.01,245,0.0,0.0,2024-11-19 01:43:23,2024-11-19 12:02:42
1174042,Kharian,2024-11-19 05:30:08,800,Clear,clear sky,01d,23.05,21.96,21,1018,0,10000,1.65,310,0.0,0.0,2024-11-19 01:38:39,2024-11-19 12:01:35
1169684,Murree,2024-11-19 05:30:09,800,Clear,clear sky,01d,10.14,7.71,19,1018,0,10000,1.16,229,0.0,0.0,2024-11-19 01:42:45,2024-11-19 12:01:15
1176734,Hyderābād,2024-11-19 05:34:25,800,Clear,clear sky,01d,29.63,27.94,20,1017,0,10000,0.45,55,0.0,0.0,2024-11-19 01:46:52,2024-11-19 12:37:18
1177662,Gujranwala,2024-11-19 05:33:42,800,Clear,clear sky,01d,14.03,11.96,18,1018,0,10000,2.12,303,0.0,0.0,2024-11-19 01:36:03,2024-11-19 12:01:35
1177446,Gwadar,2024-11-19 05:34:25,800,Clear,clear sky,01d,26.84,27.27,50,1018,0,10000,2.1,291,0.0,0.0,2024-11-19 02:10:36,2024-11-19 13:01:57
1185056,Abbottabad,2024-11-19 05:34:26,800,Clear,clear sky,01d,17.73,16.11,21,1019,0,10000,1.35,318,0.0,0.0,2024-11-19 01:43:58,2024-11-19 12:01:28
1184196,Azad Kashmir,2024-11-19 05:34:26,800,Clear,clear sky,01d,13.71,11.61,18,1019,0,10000,0.44,148,0.0,0.0,2024-11-19 01:40:46,2024-11-19 11:59:06
1172451,Lahore,2024-11-19 05:28:25,711,Smoke,smoke,50d,19.99,19.51,56,1018,0,2000,0.0,0,0.0,0.0,2024-11-19 01:34:14,2024-11-19 12:02:10
1174872,Karachi,2024-11-19 05:32:53,721,Haze,haze,50d,27.9,27.22,34,1017,0,2500,1.54,0,0.0,0.0,2024-11-19 01:51:12,2024-11-19 12:43:18
1162015,Islamabad,2024-11-19 05:33:58,800,Clear,clear sky,01d,20.47,19.8,47,1018,0,10000,2.01,245,0.0,0.0,2024-11-19 01:43:23,2024-11-19 12:02:42
1174042,Kharian,2024-11-19 05:30:08,800,Clear,clear sky,01d,23.05,21.96,21,1018,0,10000,1.65,310,0.0,0.0,2024-11-19 01:38:39,2024-11-19 12:01:35
1169684,Murree,2024-11-19 05:30:09,800,Clear,clear sky,01d,10.14,7.71,19,1018,0,10000,1.16,229,0.0,0.0,2024-11-19 01:42:45,2024-11-19 12:01:15
1176734,Hyderābād,2024-11-19 05:34:25,800,Clear,clear sky,01d,29.63,27.94,20,1017,0,10000,0.45,55,0.0,0.0,2024-11-19 01:46:52,2024-11-19 12:37:18
1177662,Gujranwala,2024-11-19 05:33:42,800,Clear,clear sky,01d,14.03,11.96,18,1018,0,10000,2.12,303,0.0,0.0,2024-11-19 01:36:03,2024-11-19 12:01:35
1177446,Gwadar,2024-11-19 05:34:25,800,Clear,clear sky,01d,26.84,27.27,50,1018,0,10000,2.1,291,0.0,0.0,2024-11-19 02:10:36,2024-11-19 13:01:57
1185056,Abbottabad,2024-11-19 05:34:26,800,Clear,clear sky,01d,17.73,16.11,21,1019,0,10000,1.35,318,0.0,0.0,2024-11-19 01:43:58,2024-11-19 12:01:28
1184196,Azad Kashmir,2024-11-19 05:34:26,800,Clear,clear sky,01d,13.71,11.61,18,1019,0,10000,0.44,148,0.0,0.0,2024-11-19 01:40:46,2024-11-19 11:59:06
1172451,Lahore,2024-11-19 05:28:25,711,Smoke,smoke,50d,19.99,19.51,56,1018,0,2000,0.0,0,0.0,0.0,2024-11-19 01:34:14,2024-11-19 12:02:10
1174872,Karachi,2024-11-19 05:32:53,721,Haze,haze,50d,27.9,27.22,34,1017,0,2500,1.54,0,0.0,0.0,2024-11-19 01:51:12,2024-11-19 12:43:18
1162015,Islamabad,2024-11-19 05:33:58,800,Clear,clear sky,01d,20.47,19.8,47,1018,0,10000,2.01,245,0.0,0.0,2024-11-19 01:43:23,2024-11-19 12:02:42
1174042,Kharian,2024-11-19 05:30:08,800,Clear,clear sky,01d,23.05,21.96,21,1018,0,10000,1.65,310,0.0,0.0,2024-11-19 01:38:39,2024-11-19 12:01:35
1169684,Murree,2024-11-19 05:30:09,800,Clear,clear sky,01d,10.14,7.71,19,1018,0,10000,1.16,229,0.0,0.0,2024-11-19 01:42:45,2024-11-19 12:01:15
1176734,Hyderābād,2024-11-19 05:34:25,800,Clear,clear sky,01d,29.63,27.94,20,1017,0,10000,0.45,55,0.0,0.0,2024-11-19 01:46:52,2024-11-19 12:37:18
1177662,Gujranwala,2024-11-19 05:33:42,800,Clear,clear sky,01d,14.03,11.96,18,1018,0,10000,2.12,303,0.0,0.0,2024-11-19 01:36:03,2024-11-19 12:01:35
1177446,Gwadar,2024-11-19 05:34:25,800,Clear,clear sky,01d,26.84,27.27,50,1018,0,10000,2.1,291,0.0,0.0,2024-11-19 02:10:36,2024-11-19 13:01:57
1185056,Abbottabad,2024-11-19 05:34:26,800,Clear,clear sky,01d,17.73,16.11,21,1019,0,10000,1.35,318,0.0,0.0,2024-11-19 01:43:58,2024-11-19 12:01:28
1184196,Azad Kashmir,2024-11-19 05:34:26,800,Clear,clear sky,01d,13.71,11.61,18,1019,0,10000,0.44,148,0.0,0.0,2024-11-19 01:40:46,2024-11-19 11:59:06
1172451,Lahore,2024-11-19 05:38:43,711,Smoke,smoke,50d,21.99,21.71,56,1018,0,2000,0.0,0,0.0,0.0,2024-11-19 01:34:14,2024-11-19 12:02:10
1174872,Karachi,2024-11-19 05:39:28,721,Haze,haze,50d,28.9,28.69,42,1017,0,2500,2.06,140,0.0,0.0,2024-11-19 01:51:12,2024-11-19 12:43:18
1162015,Islamabad,2024-11-19 05:39:42,800,Clear,clear sky,01d,21.02,20.35,45,1018,0,10000,2.01,245,0.0,0.0,2024-11-19 01:43:23,2024-11-19 12:02:42
1174042,Kharian,2024-11-19 05:39:43,800,Clear,clear sky,01d,23.05,21.96,21,1018,0,10000,1.65,310,0.0,0.0,2024-11-19 01:38:39,2024-11-19 12:01:35
1169684,Murree,2024-11-19 05:39:43,800,Clear,clear sky,01d,10.69,8.31,19,1018,0,10000,1.16,229,0.0,0.0,2024-11-19 01:42:45,2024-11-19 12:01:15
1176734,Hyderābād,2024-11-19 05:39:44,800,Clear,clear sky,01d,29.63,27.94,20,1017,0,10000,0.45,55,0.0,0.0,2024-11-19 01:46:52,2024-11-19 12:37:18
1177662,Gujranwala,2024-11-19 05:39:44,800,Clear,clear sky,01d,14.03,11.96,18,1018,0,10000,2.12,303,0.0,0.0,2024-11-19 01:36:03,2024-11-19 12:01:35
1177446,Gwadar,2024-11-19 05:39:44,800,Clear,clear sky,01d,26.84,27.27,50,1018,0,10000,2.1,291,0.0,0.0,2024-11-19 02:10:36,2024-11-19 13:01:57
1185056,Abbottabad,2024-11-19 05:39:45,800,Clear,clear sky,01d,17.73,16.11,21,1019,0,10000,1.35,318,0.0,0.0,2024-11-19 01:43:58,2024-11-19 12:01:28
1184196,Azad Kashmir,2024-11-19 05:39:45,800,Clear,clear sky,01d,13.71,11.61,18,1019,0,10000,0.44,148,0.0,0.0,2024-11-19 01:40:46,2024-11-19 11:59:06
1172451,Lahore,2024-11-19 05:38:43,711,Smoke,smoke,50d,21.99,21.71,56,1018,0,2000,0.0,0,0.0,0.0,2024-11-19 01:34:14,2024-11-19 12:02:10
1174872,Karachi,2024-11-19 05:39:28,721,Haze,haze,50d,28.9,28.69,42,1017,0,2500,2.06,140,0.0,0.0,2024-11-19 01:51:12,2024-11-19 12:43:18
1162015,Islamabad,2024-11-19 05:39:42,800,Clear,clear sky,01d,21.02,20.35,45,1018,0,10000,2.01,245,0.0,0.0,2024-11-19 01:43:23,2024-11-19 12:02:42
1174042,Kharian,2024-11-19 05:39:43,800,Clear,clear sky,01d,23.05,21.96,21,1018,0,10000,1.65,310,0.0,0.0,2024-11-19 01:38:39,2024-11-19 12:01:35
1169684,Murree,2024-11-19 05:39:43,800,Clear,clear sky,01d,10.69,8.31,19,1018,0,10000,1.16,229,0.0,0.0,2024-11-19 01:42:45,2024-11-19 12:01:15
1176734,Hyderābād,2024-11-19 05:39:44,800,Clear,clear sky,01d,29.63,27.94,20,1017,0,10000,0.45,55,0.0,0.0,2024-11-19 01:46:52,2024-11-19 12:37:18
1177662,Gujranwala,2024-11-19 05:39:44,800,Clear,clear sky,01d,14.03,11.96,18,1018,0,10000,2.12,303,0.0,0.0,2024-11-19 01:36:03,2024-11-19 12:01:35
1177446,Gwadar,2024-11-19 05:39:44,800,Clear,clear sky,01d,26.84,27.27,50,1018,0,10000,2.1,291,0.0,0.0,2024-11-19 02:10:36,2024-11-19 13:01:57
1185056,Abbottabad,2024-11-19 05:39:45,800,Clear,clear sky,01d,17.73,16.11,21,1019,0,10000,1.35,318,0.0,0.0,2024-11-19 01:43:58,2024-11-19 12:01:28
1184196,Azad Kashmir,2024-11-19 05:39:45,800,Clear,clear sky,01d,13.71,11.61,18,1019,0,10000,0.44,148,0.0,0.0,2024-11-19 01:40:46,2024-11-19 11:59:06
1172451,Lahore,2024-11-19 05:40:20,711,Smoke,smoke,50d,21.99,21.71,56,1018,0,2000,0.0,0,0.0,0.0,2024-11-19 01:34:14,2024-11-19 12:02:10
1174872,Karachi,2024-11-19 05:41:27,721,Haze,haze,50d,28.9,28.69,42,1017,0,2500,2.06,140,0.0,0.0,2024-11-19 01:51:12,2024-11-19 12:43:18
1162015,Islamabad,2024-11-19 05:40:06,800,Clear,clear sky,01d,21.02,20.35,45,1018,0,10000,2.01,245,0.0,0.0,2024-11-19 01:43:23,2024-11-19 12:02:42
1174042,Kharian,2024-11-19 05:41:51,800,Clear,clear sky,01d,23.05,21.96,21,1018,0,10000,1.65,310,0.0,0.0,2024-11-19 01:38:39,2024-11-19 12:01:35
1169684,Murree,2024-11-19 05:39:43,800,Clear,clear sky,01d,10.69,8.31,19,1018,0,10000,1.16,229,0.0,0.0,2024-11-19 01:42:45,2024-11-19 12:01:15
1176734,Hyderābād,2024-11-19 05:41:51,800,Clear,clear sky,01d,29.63,27.94,20,1017,0,10000,0.45,55,0.0,0.0,2024-11-19 01:46:52,2024-11-19 12:37:18
1177662,Gujranwala,2024-11-19 05:39:44,800,Clear,clear sky,01d,14.03,11.96,18,1018,0,10000,2.12,303,0.0,0.0,2024-11-19 01:36:03,2024-11-19 12:01:35
1177446,Gwadar,2024-11-19 05:41:52,800,Clear,clear sky,01d,26.91,27.27,49,1018,0,10000,2.08,293,0.0,0.0,2024-11-19 02:10:36,2024-11-19 13:01:57
1185056,Abbottabad,2024-11-19 05:41:53,800,Clear,clear sky,01d,17.73,16.11,21,1019,0,10000,1.35,318,0.0,0.0,2024-11-19 01:43:58,2024-11-19 12:01:28
1184196,Azad Kashmir,2024-11-19 05:41:53,800,Clear,clear sky,01d,13.71,11.61,18,1019,0,10000,0.44,148,0.0,0.0,2024-11-19 01:40:46,2024-11-19 11:59:06
1172451,Lahore,2024-11-19 05:40:20,711,Smoke,smoke,50d,21.99,21.71,56,1018,0,2000,0.0,0,0.0,0.0,2024-11-19 01:34:14,2024-11-19 12:02:10
1174872,Karachi,2024-11-19 05:41:27,721,Haze,haze,50d,28.9,28.69,42,1017,0,2500,2.06,140,0.0,0.0,2024-11-19 01:51:12,2024-11-19 12:43:18
1162015,Islamabad,2024-11-19 05:40:06,800,Clear,clear sky,01d,21.02,20.35,45,1018,0,10000,2.01,245,0.0,0.0,2024-11-19 01:43:23,2024-11-19 12:02:42
1174042,Kharian,2024-11-19 05:41:51,800,Clear,clear sky,01d,23.05,21.96,21,1018,0,10000,1.65,310,0.0,0.0,2024-11-19 01:38:39,2024-11-19 12:01:35
1169684,Murree,2024-11-19 05:39:43,800,Clear,clear sky,01d,10.69,8.31,19,1018,0,10000,1.16,229,0.0,0.0,2024-11-19 01:42:45,2024-11-19 12:01:15
1176734,Hyderābād,2024-11-19 05:41:51,800,Clear,clear sky,01d,29.63,27.94,20,1017,0,10000,0.45,55,0.0,0.0,2024-11-19 01:46:52,2024-11-19 12:37:18
1177662,Gujranwala,2024-11-19 05:39:44,800,Clear,clear sky,01d,14.03,11.96,18,1018,0,10000,2.12,303,0.0,0.0,2024-11-19 01:36:03,2024-11-19 12:01:35
1177446,Gwadar,2024-11-19 05:41:52,800,Clear,clear sky,01d,26.91,27.27,49,1018,0,10000,2.08,293,0.0,0.0,2024-11-19 02:10:36,2024-11-19 13:01:57
1185056,Abbottabad,2024-11-19 05:41:53,800,Clear,clear sky,01d,17.73,16.11,21,1019,0,10000,1.35,318,0.0,0.0,2024-11-19 01:43:58,2024-11-19 12:01:28
1184196,Azad Kashmir,2024-11-19 05:41:53,800,Clear,clear sky,01d,13.71,11.61,18,1019,0,10000,0.44,148,0.0,0.0,2024-11-19 01:40:46,2024-11-19 11:59:06
1172451,Lahore,2024-11-19 05:40:20,711,Smoke,smoke,50d,21.99,21.71,56,1018,0,2000,0.0,0,0.0,0.0,2024-11-19 01:34:14,2024-11-19 12:02:10
1174872,Karachi,2024-11-19 05:41:27,721,Haze,haze,50d,28.9,28.69,42,1017,0,2500,2.06,140,0.0,0.0,2024-11-19 01:51:12,2024-11-19 12:43:18
1162015,Islamabad,2024-11-19 05:40:06,800,Clear,clear sky,01d,21.02,20.35,45,1018,0,10000,2.01,245,0.0,0.0,2024-11-19 01:43:23,2024-11-19 12:02:42
1174042,Kharian,2024-11-19 05:41:51,800,Clear,clear sky,01d,23.05,21.96,21,1018,0,10000,1.65,310,0.0,0.0,2024-11-19 01:38:39,2024-11-19 12:01:35
1169684,Murree,2024-11-19 05:39:43,800,Clear,clear sky,01d,10.69,8.31,19,1018,0,10000,1.16,229,0.0,0.0,2024-11-19 01:42:45,2024-11-19 12:01:15
1176734,Hyderābād,2024-11-19 05:41:51,800,Clear,clear sky,01d,29.63,27.94,20,1017,0,10000,0.45,55,0.0,0.0,2024-11-19 01:46:52,2024-11-19 12:37:18
1177662,Gujranwala,2024-11-19 05:39:44,800,Clear,clear sky,01d,14.03,11.96,18,1018,0,10000,2.12,303,0.0,0.0,2024-11-19 01:36:03,2024-11-19 12:01:35
1177446,Gwadar,2024-11-19 05:41:52,800,Clear,clear sky,01d,26.91,27.27,49,1018,0,10000,2.08,293,0.0,0.0,2024-11-19 02:10:36,2024-11-19 13:01:57
1185056,Abbottabad,2024-11-19 05:41:53,800,Clear,clear sky,01d,17.73,16.11,21,1019,0,10000,1.35,318,0.0,0.0,2024-11-19 01:43:58,2024-11-19 12:01:28
1184196,Azad Kashmir,2024-11-19 05:41:53,800,Clear,clear sky,01d,13.71,11.61,18,1019,0,10000,0.44,148,0.0,0.0,2024-11-19 01:40:46,2024-11-19 11:59:06
1172451,Lahore,2024-11-19 05:40:20,711,Smoke,smoke,50d,21.99,21.71,56,1018,0,2000,0.0,0,0.0,0.0,2024-11-19 01:34:14,2024-11-19 12:02:10
1174872,Karachi,2024-11-19 05:41:27,721,Haze,haze,50d,28.9,28.69,42,1017,0,2500,2.06,140,0.0,0.0,2024-11-19 01:51:12,2024-11-19 12:43:18
1162015,Islamabad,2024-11-19 05:40:06,800,Clear,clear sky,01d,21.02,20.35,45,1018,0,10000,2.01,245,0.0,0.0,2024-11-19 01:43:23,2024-11-19 12:02:42
1174042,Kharian,2024-11-19 05:41:51,800,Clear,clear sky,01d,23.05,21.96,21,1018,0,10000,1.65,310,0.0,0.0,2024-11-19 01:38:39,2024-11-19 12:01:35
1169684,Murree,2024-11-19 05:39:43,800,Clear,clear sky,01d,10.69,8.31,19,1018,0,10000,1.16,229,0.0,0.0,2024-11-19 01:42:45,2024-11-19 12:01:15
1176734,Hyderābād,2024-11-19 05:41:51,800,Clear,clear sky,01d,29.63,27.94,20,1017,0,10000,0.45,55,0.0,0.0,2024-11-19 01:46:52,2024-11-19 12:37:18
1177662,Gujranwala,2024-11-19 05:39:44,800,Clear,clear sky,01d,14.03,11.96,18,1018,0,10000,2.12,303,0.0,0.0,2024-11-19 01:36:03,2024-11-19 12:01:35
1177446,Gwadar,2024-11-19 05:41:52,800,Clear,clear sky,01d,26.91,27.27,49,1018,0,10000,2.08,293,0.0,0.0,2024-11-19 02:10:36,2024-11-19 13:01:57
1185056,Abbottabad,2024-11-19 05:41:53,800,Clear,clear sky,01d,17.73,16.11,21,1019,0,10000,1.35,318,0.0,0.0,2024-11-19 01:43:58,2024-11-19 12:01:28
1184196,Azad Kashmir,2024-11-19 05:41:53,800,Clear,clear sky,01d,13.71,11.61,18,1019,0,10000,0.44,148,0.0,0.0,2024-11-19 01:40:46,2024-11-19 11:59:06
1172451,Lahore,2024-11-19 05:40:20,711,Smoke,smoke,50d,21.99,21.71,56,1018,0,2000,0.0,0,0.0,0.0,2024-11-19 01:34:14,2024-11-19 12:02:10
1174872,Karachi,2024-11-19 05:41:27,721,Haze,haze,50d,28.9,28.69,42,1017,0,2500,2.06,140,0.0,0.0,2024-11-19 01:51:12,2024-11-19 12:43:18
1162015,Islamabad,2024-11-19 05:40:06,800,Clear,clear sky,01d,21.02,20.35,45,1018,0,10000,2.01,245,0.0,0.0,2024-11-19 01:43:23,2024-11-19 12:02:42
1174042,Kharian,2024-11-19 05:41:51,800,Clear,clear sky,01d,23.05,21.96,21,1018,0,10000,1.65,310,0.0,0.0,2024-11-19 01:38:39,2024-11-19 12:01:35
1169684,Murree,2024-11-19 05:39:43,800,Clear,clear sky,01d,10.69,8.31,19,1018,0,10000,1.16,229,0.0,0.0,2024-11-19 01:42:45,2024-11-19 12:01:15
1176734,Hyderābād,2024-11-19 05:41:51,800,Clear,clear sky,01d,29.63,27.94,20,1017,0,10000,0.45,55,0.0,0.0,2024-11-19 01:46:52,2024-11-19 12:37:18
1177662,Gujranwala,2024-11-19 05:39:44,800,Clear,clear sky,01d,14.03,11.96,18,1018,0,10000,2.12,303,0.0,0.0,2024-11-19 01:36:03,2024-11-19 12:01:35
1177446,Gwadar,2024-11-19 05:41:52,800,Clear,clear sky,01d,26.91,27.27,49,1018,0,10000,2.08,293,0.0,0.0,2024-11-19 02:10:36,2024-11-19 13:01:57
1185056,Abbottabad,2024-11-19 05:41:53,800,Clear,clear sky,01d,17.73,16.11,21,1019,0,10000,1.35,318,0.0,0.0,2024-11-19 01:43:58,2024-11-19 12:01:28
1184196,Azad Kashmir,2024-11-19 05:41:53,800,Clear,clear sky,01d,13.71,11.61,18,1019,0,10000,0.44,148,0.0,0.0,2024-11-19 01:40:46,2024-11-19 11:59:06
1172451,Lahore,2024-11-19 05:40:20,711,Smoke,smoke,50d,21.99,21.71,56,1018,0,2000,0.0,0,0.0,0.0,2024-11-19 01:34:14,2024-11-19 12:02:10
1174872,Karachi,2024-11-19 05:41:27,721,Haze,haze,50d,28.9,28.69,42,1017,0,2500,2.06,140,0.0,0.0,2024-11-19 01:51:12,2024-11-19 12:43:18
1162015,Islamabad,2024-11-19 05:40:06,800,Clear,clear sky,01d,21.02,20.35,45,1018,0,10000,2.01,245,0.0,0.0,2024-11-19 01:43:23,2024-11-19 12:02:42
1174042,Kharian,2024-11-19 05:41:51,800,Clear,clear sky,01d,23.05,21.96,21,1018,0,10000,1.65,310,0.0,0.0,2024-11-19 01:38:39,2024-11-19 12:01:35
1169684,Murree,2024-11-19 05:39:43,800,Clear,clear sky,01d,10.69,8.31,19,1018,0,10000,1.16,229,0.0,0.0,2024-11-19 01:42:45,2024-11-19 12:01:15
1176734,Hyderābād,2024-11-19 05:41:51,800,Clear,clear sky,01d,29.63,27.94,20,1017,0,10000,0.45,55,0.0,0.0,2024-11-19 01:46:52,2024-11-19 12:37:18
1177662,Gujranwala,2024-11-19 05:39:44,800,Clear,clear sky,01d,14.03,11.96,18,1018,0,10000,2.12,303,0.0,0.0,2024-11-19 01:36:03,2024-11-19 12:01:35
1177446,Gwadar,2024-11-19 05:41:52,800,Clear,clear sky,01d,26.91,27.27,49,1018,0,10000,2.08,293,0.0,0.0,2024-11-19 02:10:36,2024-11-19 13:01:57
1185056,Abbottabad,2024-11-19 05:41:53,800,Clear,clear sky,01d,17.73,16.11,21,1019,0,10000,1.35,318,0.0,0.0,2024-11-19 01:43:58,2024-11-19 12:01:28
1184196,Azad Kashmir,2024-11-19 05:41:53,800,Clear,clear sky,01d,13.71,11.61,18,1019,0,10000,0.44,148,0.0,0.0,2024-11-19 01:40:46,2024-11-19 11:59:06
1172451,Lahore,2024-11-19 05:40:20,711,Smoke,smoke,50d,21.99,21.71,56,1018,0,2000,0.0,0,0.0,0.0,2024-11-19 01:34:14,2024-11-19 12:02:10
1174872,Karachi,2024-11-19 05:41:27,721,Haze,haze,50d,28.9,28.69,42,1017,0,2500,2.06,140,0.0,0.0,2024-11-19 01:51:12,2024-11-19 12:43:18
1162015,Islamabad,2024-11-19 05:40:06,800,Clear,clear sky,01d,21.02,20.35,45,1018,0,10000,2.01,245,0.0,0.0,2024-11-19 01:43:23,2024-11-19 12:02:42
1174042,Kharian,2024-11-19 05:41:51,800,Clear,clear sky,01d,23.05,21.96,21,1018,0,10000,1.65,310,0.0,0.0,2024-11-19 01:38:39,2024-11-19 12:01:35
1169684,Murree,2024-11-19 05:39:43,800,Clear,clear sky,01d,10.69,8.31,19,1018,0,10000,1.16,229,0.0,0.0,2024-11-19 01:42:45,2024-11-19 12:01:15
1176734,Hyderābād,2024-11-19 05:41:51,800,Clear,clear sky,01d,29.63,27.94,20,1017,0,10000,0.45,55,0.0,0.0,2024-11-19 01:46:52,2024-11-19 12:37:18
1177662,Gujranwala,2024-11-19 05:39:44,800,Clear,clear sky,01d,14.03,11.96,18,1018,0,10000,2.12,303,0.0,0.0,2024-11-19 01:36:03,2024-11-19 12:01:35
1177446,Gwadar,2024-11-19 05:41:52,800,Clear,clear sky,01d,26.91,27.27,49,1018,0,10000,2.08,293,0.0,0.0,2024-11-19 02:10:36,2024-11-19 13:01:57
1185056,Abbottabad,2024-11-19 05:41:53,800,Clear,clear sky,01d,17.73,16.11,21,1019,0,10000,1.35,318,0.0,0.0,2024-11-19 01:43:58,2024-11-19 12:01:28
1184196,Azad Kashmir,2024-11-19 05:41:53,800,Clear,clear sky,01d,13.71,11.61,18,1019,0,10000,0.44,148,0.0,0.0,2024-11-19 01:40:46,2024-11-19 11:59:06
1172451,Lahore,2024-11-19 05:45:01,711,Smoke,smoke,50d,21.99,21.71,56,1018,0,2000,0.0,0,0.0,0.0,2024-11-19 01:34:14,2024-11-19 12:02:10
1174872,Karachi,2024-11-19 05:49:17,721,Haze,haze,50d,28.9,28.69,42,1017,0,2500,2.06,140,0.0,0.0,2024-11-19 01:51:12,2024-11-19 12:43:18
1162015,Islamabad,2024-11-19 05:49:17,800,Clear,clear sky,01d,21.58,20.97,45,1018,0,10000,2.01,245,0.0,0.0,2024-11-19 01:43:23,2024-11-19 12:02:42
1174042,Kharian,2024-11-19 05:49:17,800,Clear,clear sky,01d,23.05,21.96,21,1018,0,10000,1.65,310,0.0,0.0,2024-11-19 01:38:39,2024-11-19 12:01:35
1169684,Murree,2024-11-19 05:49:18,800,Clear,clear sky,01d,11.25,8.93,19,1018,0,10000,1.16,229,0.0,0.0,2024-11-19 01:42:45,2024-11-19 12:01:15
1176734,Hyderābād,2024-11-19 05:49:18,800,Clear,clear sky,01d,29.63,27.94,20,1017,0,10000,0.45,55,0.0,0.0,2024-11-19 01:46:52,2024-11-19 12:37:18
1177662,Gujranwala,2024-11-19 05:46:45,800,Clear,clear sky,01d,14.03,11.96,18,1018,0,10000,2.12,303,0.0,0.0,2024-11-19 01:36:03,2024-11-19 12:01:35
1177446,Gwadar,2024-11-19 05:49:19,800,Clear,clear sky,01d,26.91,27.27,49,1018,0,10000,2.08,293,0.0,0.0,2024-11-19 02:10:36,2024-11-19 13:01:57
1185056,Abbottabad,2024-11-19 05:49:19,800,Clear,clear sky,01d,17.73,16.11,21,1019,0,10000,1.35,318,0.0,0.0,2024-11-19 01:43:58,2024-11-19 12:01:28
1184196,Azad Kashmir,2024-11-19 05:49:20,800,Clear,clear sky,01d,13.71,11.61,18,1019,0,10000,0.44,148,0.0,0.0,2024-11-19 01:40:46,2024-11-19 11:59:06
1172451,Lahore,2024-11-19 05:45:01,711,Smoke,smoke,50d,21.99,21.71,56,1018,0,2000,0.0,0,0.0,0.0,2024-11-19 01:34:14,2024-11-19 12:02:10
1174872,Karachi,2024-11-19 05:49:17,721,Haze,haze,50d,28.9,28.69,42,1017,0,2500,2.06,140,0.0,0.0,2024-11-19 01:51:12,2024-11-19 12:43:18
1162015,Islamabad,2024-11-19 05:49:17,800,Clear,clear sky,01d,21.58,20.97,45,1018,0,10000,2.01,245,0.0,0.0,2024-11-19 01:43:23,2024-11-19 12:02:42
1174042,Kharian,2024-11-19 05:49:17,800,Clear,clear sky,01d,23.05,21.96,21,1018,0,10000,1.65,310,0.0,0.0,2024-11-19 01:38:39,2024-11-19 12:01:35
1169684,Murree,2024-11-19 05:49:18,800,Clear,clear sky,01d,11.25,8.93,19,1018,0,10000,1.16,229,0.0,0.0,2024-11-19 01:42:45,2024-11-19 12:01:15
1176734,Hyderābād,2024-11-19 05:49:18,800,Clear,clear sky,01d,29.63,27.94,20,1017,0,10000,0.45,55,0.0,0.0,2024-11-19 01:46:52,2024-11-19 12:37:18
1177662,Gujranwala,2024-11-19 05:46:45,800,Clear,clear sky,01d,14.03,11.96,18,1018,0,10000,2.12,303,0.0,0.0,2024-11-19 01:36:03,2024-11-19 12:01:35
1177446,Gwadar,2024-11-19 05:49:19,800,Clear,clear sky,01d,26.91,27.27,49,1018,0,10000,2.08,293,0.0,0.0,2024-11-19 02:10:36,2024-11-19 13:01:57
1185056,Abbottabad,2024-11-19 05:49:19,800,Clear,clear sky,01d,17.73,16.11,21,1019,0,10000,1.35,318,0.0,0.0,2024-11-19 01:43:58,2024-11-19 12:01:28
1184196,Azad Kashmir,2024-11-19 05:49:20,800,Clear,clear sky,01d,13.71,11.61,18,1019,0,10000,0.44,148,0.0,0.0,2024-11-19 01:40:46,2024-11-19 11:59:06
1172451,Lahore,2024-11-19 05:45:01,711,Smoke,smoke,50d,21.99,21.71,56,1018,0,2000,0.0,0,0.0,0.0,2024-11-19 01:34:14,2024-11-19 12:02:10
1174872,Karachi,2024-11-19 05:49:17,721,Haze,haze,50d,28.9,28.69,42,1017,0,2500,2.06,140,0.0,0.0,2024-11-19 01:51:12,2024-11-19 12:43:18
1162015,Islamabad,2024-11-19 05:49:17,800,Clear,clear sky,01d,21.58,20.97,45,1018,0,10000,2.01,245,0.0,0.0,2024-11-19 01:43:23,2024-11-19 12:02:42
1174042,Kharian,2024-11-19 05:49:17,800,Clear,clear sky,01d,23.05,21.96,21,1018,0,10000,1.65,310,0.0,0.0,2024-11-19 01:38:39,2024-11-19 12:01:35
1169684,Murree,2024-11-19 05:49:18,800,Clear,clear sky,01d,11.25,8.93,19,1018,0,10000,1.16,229,0.0,0.0,2024-11-19 01:42:45,2024-11-19 12:01:15
1176734,Hyderābād,2024-11-19 05:49:18,800,Clear,clear sky,01d,29.63,27.94,20,1017,0,10000,0.45,55,0.0,0.0,2024-11-19 01:46:52,2024-11-19 12:37:18
1177662,Gujranwala,2024-11-19 05:46:45,800,Clear,clear sky,01d,14.03,11.96,18,1018,0,10000,2.12,303,0.0,0.0,2024-11-19 01:36:03,2024-11-19 12:01:35
1177446,Gwadar,2024-11-19 05:49:19,800,Clear,clear sky,01d,26.91,27.27,49,1018,0,10000,2.08,293,0.0,0.0,2024-11-19 02:10:36,2024-11-19 13:01:57
1185056,Abbottabad,2024-11-19 05:49:19,800,Clear,clear sky,01d,17.73,16.11,21,1019,0,10000,1.35,318,0.0,0.0,2024-11-19 01:43:58,2024-11-19 12:01:28
1184196,Azad Kashmir,2024-11-19 05:49:20,800,Clear,clear sky,01d,13.71,11.61,18,1019,0,10000,0.44,148,0.0,0.0,2024-11-19 01:40:46,2024-11-19 11:59:06
1172451,Lahore,2024-11-19 05:45:01,711,Smoke,smoke,50d,21.99,21.71,56,1018,0,2000,0.0,0,0.0,0.0,2024-11-19 01:34:14,2024-11-19 12:02:10
1174872,Karachi,2024-11-19 05:49:17,721,Haze,haze,50d,28.9,28.69,42,1017,0,2500,2.06,140,0.0,0.0,2024-11-19 01:51:12,2024-11-19 12:43:18
1162015,Islamabad,2024-11-19 05:49:17,800,Clear,clear sky,01d,21.58,20.97,45,1018,0,10000,2.01,245,0.0,0.0,2024-11-19 01:43:23,2024-11-19 12:02:42
1174042,Kharian,2024-11-19 05:49:17,800,Clear,clear sky,01d,23.05,21.96,21,1018,0,10000,1.65,310,0.0,0.0,2024-11-19 01:38:39,2024-11-19 12:01:35
1169684,Murree,2024-11-19 05:49:18,800,Clear,clear sky,01d,11.25,8.93,19,1018,0,10000,1.16,229,0.0,0.0,2024-11-19 01:42:45,2024-11-19 12:01:15
1176734,Hyderābād,2024-11-19 05:49:18,800,Clear,clear sky,01d,29.63,27.94,20,1017,0,10000,0.45,55,0.0,0.0,2024-11-19 01:46:52,2024-11-19 12:37:18
1177662,Gujranwala,2024-11-19 05:46:45,800,Clear,clear sky,01d,14.03,11.96,18,1018,0,10000,2.12,303,0.0,0.0,2024-11-19 01:36:03,2024-11-19 12:01:35
1177446,Gwadar,2024-11-19 05:49:19,800,Clear,clear sky,01d,26.91,27.27,49,1018,0,10000,2.08,293,0.0,0.0,2024-11-19 02:10:36,2024-11-19 13:01:57
1185056,Abbottabad,2024-11-19 05:49:19,800,Clear,clear sky,01d,17.73,16.11,21,1019,0,10000,1.35,318,0.0,0.0,2024-11-19 01:43:58,2024-11-19 12:01:28
1184196,Azad Kashmir,2024-11-19 05:49:20,800,Clear,clear sky,01d,13.71,11.61,18,1019,0,10000,0.44,148,0.0,0.0,2024-11-19 01:40:46,2024-11-19 11:59:06
1172451,Lahore,2024-11-19 05:45:01,711,Smoke,smoke,50d,21.99,21.71,56,1018,0,2000,0.0,0,0.0,0.0,2024-11-19 01:34:14,2024-11-19 12:02:10
1174872,Karachi,2024-11-19 05:49:17,721,Haze,haze,50d,28.9,28.69,42,1017,0,2500,2.06,140,0.0,0.0,2024-11-19 01:51:12,2024-11-19 12:43:18
1162015,Islamabad,2024-11-19 05:49:17,800,Clear,clear sky,01d,21.58,20.97,45,1018,0,10000,2.01,245,0.0,0.0,2024-11-19 01:43:23,2024-11-19 12:02:42
1174042,Kharian,2024-11-19 05:49:17,800,Clear,clear sky,01d,23.05,21.96,21,1018,0,10000,1.65,310,0.0,0.0,2024-11-19 01:38:39,2024-11-19 12:01:35
1169684,Murree,2024-11-19 05:49:18,800,Clear,clear sky,01d,11.25,8.93,19,1018,0,10000,1.16,229,0.0,0.0,2024-11-19 01:42:45,2024-11-19 12:01:15
1176734,Hyderābād,2024-11-19 05:49:18,800,Clear,clear sky,01d,29.63,27.94,20,1017,0,10000,0.45,55,0.0,0.0,2024-11-19 01:46:52,2024-11-19 12:37:18
1177662,Gujranwala,2024-11-19 05:46:45,800,Clear,clear sky,01d,14.03,11.96,18,1018,0,10000,2.12,303,0.0,0.0,2024-11-19 01:36:03,2024-11-19 12:01:35
1177446,Gwadar,2024-11-19 05:49:19,800,Clear,clear sky,01d,26.91,27.27,49,1018,0,10000,2.08,293,0.0,0.0,2024-11-19 02:10:36,2024-11-19 13:01:57
1185056,Abbottabad,2024-11-19 05:49:19,800,Clear,clear sky,01d,17.73,16.11,21,1019,0,10000,1.35,318,0.0,0.0,2024-11-19 01:43:58,2024-11-19 12:01:28
1184196,Azad Kashmir,2024-11-19 05:49:20,800,Clear,clear sky,01d,13.71,11.61,18,1019,0,10000,0.44,148,0.0,0.0,2024-11-19 01:40:46,2024-11-19 11:59:06
1172451,Lahore,2024-11-19 05:45:01,711,Smoke,smoke,50d,21.99,21.71,56,1018,0,2000,0.0,0,0.0,0.0,2024-11-19 01:34:14,2024-11-19 12:02:10
1174872,Karachi,2024-11-19 05:49:17,721,Haze,haze,50d,28.9,28.69,42,1017,0,2500,2.06,140,0.0,0.0,2024-11-19 01:51:12,2024-11-19 12:43:18
1162015,Islamabad,2024-11-19 05:49:17,800,Clear,clear sky,01d,21.58,20.97,45,1018,0,10000,2.01,245,0.0,0.0,2024-11-19 01:43:23,2024-11-19 12:02:42
1174042,Kharian,2024-11-19 05:49:17,800,Clear,clear sky,01d,23.05,21.96,21,1018,0,10000,1.65,310,0.0,0.0,2024-11-19 01:38:39,2024-11-19 12:01:35
1169684,Murree,2024-11-19 05:49:18,800,Clear,clear sky,01d,11.25,8.93,19,1018,0,10000,1.16,229,0.0,0.0,2024-11-19 01:42:45,2024-11-19 12:01:15
1176734,Hyderābād,2024-11-19 05:49:18,800,Clear,clear sky,01d,29.63,27.94,20,1017,0,10000,0.45,55,0.0,0.0,2024-11-19 01:46:52,2024-11-19 12:37:18
1177662,Gujranwala,2024-11-19 05:46:45,800,Clear,clear sky,01d,14.03,11.96,18,1018,0,10000,2.12,303,0.0,0.0,2024-11-19 01:36:03,2024-11-19 12:01:35
1177446,Gwadar,2024-11-19 05:49:19,800,Clear,clear sky,01d,26.91,27.27,49,1018,0,10000,2.08,293,0.0,0.0,2024-11-19 02:10:36,2024-11-19 13:01:57
1185056,Abbottabad,2024-11-19 05:49:19,800,Clear,clear sky,01d,17.73,16.11,21,1019,0,10000,1.35,318,0.0,0.0,2024-11-19 01:43:58,2024-11-19 12:01:28
1184196,Azad Kashmir,2024-11-19 05:49:20,800,Clear,clear sky,01d,13.71,11.61,18,1019,0,10000,0.44,148,0.0,0.0,2024-11-19 01:40:46,2024-11-19 11:59:06
1172451,Lahore,2024-11-19 05:55:31,711,Smoke,smoke,50d,21.99,21.71,56,1018,0,2000,0.0,0,0.0,0.0,2024-11-19 01:34:14,2024-11-19 12:02:10
1174872,Karachi,2024-11-19 05:55:39,721,Haze,haze,50d,28.9,28.69,42,1017,0,2500,2.06,140,0.0,0.0,2024-11-19 01:51:12,2024-11-19 12:43:18
1162015,Islamabad,2024-11-19 05:55:08,800,Clear,clear sky,01d,21.58,20.94,44,1018,0,10000,2.03,246,0.0,0.0,2024-11-19 01:43:23,2024-11-19 12:02:42
1174042,Kharian,2024-11-19 05:55:40,800,Clear,clear sky,01d,22.98,21.91,22,1018,0,10000,1.45,313,0.0,0.0,2024-11-19 01:38:39,2024-11-19 12:01:35
1169684,Murree,2024-11-19 05:55:40,800,Clear,clear sky,01d,11.25,8.93,19,1018,0,10000,1.27,232,0.0,0.0,2024-11-19 01:42:45,2024-11-19 12:01:15
1176734,Hyderābād,2024-11-19 05:55:41,800,Clear,clear sky,01d,29.76,28.08,21,1017,0,10000,0.54,252,0.0,0.0,2024-11-19 01:46:52,2024-11-19 12:37:18
1177662,Gujranwala,2024-11-19 05:55:41,800,Clear,clear sky,01d,14.03,11.93,17,1018,0,10000,1.44,300,0.0,0.0,2024-11-19 01:36:03,2024-11-19 12:01:35
1177446,Gwadar,2024-11-19 05:55:41,800,Clear,clear sky,01d,26.91,27.27,49,1018,0,10000,2.08,293,0.0,0.0,2024-11-19 02:10:36,2024-11-19 13:01:57
1185056,Abbottabad,2024-11-19 05:55:42,800,Clear,clear sky,01d,17.68,16.05,21,1019,0,10000,1.46,313,0.0,0.0,2024-11-19 01:43:58,2024-11-19 12:01:28
1184196,Azad Kashmir,2024-11-19 05:55:42,800,Clear,clear sky,01d,13.72,11.62,18,1019,0,10000,0.33,162,0.0,0.0,2024-11-19 01:40:46,2024-11-19 11:59:06
1172451,Lahore,2024-11-19 05:55:31,711,Smoke,smoke,50d,21.99,21.71,56,1018,0,2000,0.0,0,0.0,0.0,2024-11-19 01:34:14,2024-11-19 12:02:10
1174872,Karachi,2024-11-19 05:55:39,721,Haze,haze,50d,28.9,28.69,42,1017,0,2500,2.06,140,0.0,0.0,2024-11-19 01:51:12,2024-11-19 12:43:18
1162015,Islamabad,2024-11-19 05:56:08,800,Clear,clear sky,01d,21.58,20.94,44,1018,0,10000,2.03,246,0.0,0.0,2024-11-19 01:43:23,2024-11-19 12:02:42
1174042,Kharian,2024-11-19 05:56:44,800,Clear,clear sky,01d,22.98,21.91,22,1018,0,10000,1.45,313,0.0,0.0,2024-11-19 01:38:39,2024-11-19 12:01:35
1169684,Murree,2024-11-19 05:56:44,800,Clear,clear sky,01d,11.25,8.93,19,1018,0,10000,1.27,232,0.0,0.0,2024-11-19 01:42:45,2024-11-19 12:01:15
1176734,Hyderābād,2024-11-19 05:55:41,800,Clear,clear sky,01d,29.76,28.08,21,1017,0,10000,0.54,252,0.0,0.0,2024-11-19 01:46:52,2024-11-19 12:37:18
1177662,Gujranwala,2024-11-19 05:56:45,800,Clear,clear sky,01d,14.03,11.93,17,1018,0,10000,1.44,300,0.0,0.0,2024-11-19 01:36:03,2024-11-19 12:01:35
1177446,Gwadar,2024-11-19 05:56:45,800,Clear,clear sky,01d,26.91,27.27,49,1018,0,10000,2.08,293,0.0,0.0,2024-11-19 02:10:36,2024-11-19 13:01:57
1185056,Abbottabad,2024-11-19 05:54:45,800,Clear,clear sky,01d,17.68,16.05,21,1019,0,10000,1.46,313,0.0,0.0,2024-11-19 01:43:58,2024-11-19 12:01:28
1184196,Azad Kashmir,2024-11-19 05:56:46,800,Clear,clear sky,01d,13.72,11.62,18,1019,0,10000,0.33,162,0.0,0.0,2024-11-19 01:40:46,2024-11-19 11:59:06
1172451,Lahore,2024-11-19 05:53:56,711,Smoke,smoke,50d,21.99,21.71,56,1018,0,2000,0.0,0,0.0,0.0,2024-11-19 01:34:14,2024-11-19 12:02:10
1174872,Karachi,2024-11-19 05:57:47,721,Haze,haze,50d,28.9,28.69,42,1017,0,2500,2.06,140,0.0,0.0,2024-11-19 01:51:12,2024-11-19 12:43:18
1162015,Islamabad,2024-11-19 05:55:27,800,Clear,clear sky,01d,21.58,20.94,44,1018,0,10000,2.03,246,0.0,0.0,2024-11-19 01:43:23,2024-11-19 12:02:42
1174042,Kharian,2024-11-19 05:57:48,800,Clear,clear sky,01d,22.98,21.91,22,1018,0,10000,1.45,313,0.0,0.0,2024-11-19 01:38:39,2024-11-19 12:01:35
1169684,Murree,2024-11-19 05:57:48,800,Clear,clear sky,01d,11.25,8.93,19,1018,0,10000,1.27,232,0.0,0.0,2024-11-19 01:42:45,2024-11-19 12:01:15
1176734,Hyderābād,2024-11-19 05:57:49,800,Clear,clear sky,01d,29.76,28.08,21,1017,0,10000,0.54,252,0.0,0.0,2024-11-19 01:46:52,2024-11-19 12:37:18
1177662,Gujranwala,2024-11-19 05:56:45,800,Clear,clear sky,01d,14.03,11.93,17,1018,0,10000,1.44,300,0.0,0.0,2024-11-19 01:36:03,2024-11-19 12:01:35
1177446,Gwadar,2024-11-19 05:55:41,800,Clear,clear sky,01d,26.91,27.27,49,1018,0,10000,2.08,293,0.0,0.0,2024-11-19 02:10:36,2024-11-19 13:01:57
1185056,Abbottabad,2024-11-19 05:57:38,800,Clear,clear sky,01d,17.68,16.05,21,1019,0,10000,1.46,313,0.0,0.0,2024-11-19 01:43:58,2024-11-19 12:01:28
1184196,Azad Kashmir,2024-11-19 05:57:50,800,Clear,clear sky,01d,13.72,11.62,18,1019,0,10000,0.33,162,0.0,0.0,2024-11-19 01:40:46,2024-11-19 11:59:06
1172451,Lahore,2024-11-19 05:53:56,711,Smoke,smoke,50d,21.99,21.71,56,1018,0,2000,0.0,0,0.0,0.0,2024-11-19 01:34:14,2024-11-19 12:02:10
1174872,Karachi,2024-11-19 05:57:47,721,Haze,haze,50d,28.9,28.69,42,1017,0,2500,2.06,140,0.0,0.0,2024-11-19 01:51:12,2024-11-19 12:43:18
1162015,Islamabad,2024-11-19 05:55:27,800,Clear,clear sky,01d,21.58,20.94,44,1018,0,10000,2.03,246,0.0,0.0,2024-11-19 01:43:23,2024-11-19 12:02:42
1174042,Kharian,2024-11-19 05:57:48,800,Clear,clear sky,01d,22.98,21.91,22,1018,0,10000,1.45,313,0.0,0.0,2024-11-19 01:38:39,2024-11-19 12:01:35
1169684,Murree,2024-11-19 05:57:48,800,Clear,clear sky,01d,11.25,8.93,19,1018,0,10000,1.27,232,0.0,0.0,2024-11-19 01:42:45,2024-11-19 12:01:15
1176734,Hyderābād,2024-11-19 05:57:49,800,Clear,clear sky,01d,29.76,28.08,21,1017,0,10000,0.54,252,0.0,0.0,2024-11-19 01:46:52,2024-11-19 12:37:18
1177662,Gujranwala,2024-11-19 05:56:45,800,Clear,clear sky,01d,14.03,11.93,17,1018,0,10000,1.44,300,0.0,0.0,2024-11-19 01:36:03,2024-11-19 12:01:35
1177446,Gwadar,2024-11-19 05:55:41,800,Clear,clear sky,01d,26.91,27.27,49,1018,0,10000,2.08,293,0.0,0.0,2024-11-19 02:10:36,2024-11-19 13:01:57
1185056,Abbottabad,2024-11-19 05:57:38,800,Clear,clear sky,01d,17.68,16.05,21,1019,0,10000,1.46,313,0.0,0.0,2024-11-19 01:43:58,2024-11-19 12:01:28
1184196,Azad Kashmir,2024-11-19 05:57:50,800,Clear,clear sky,01d,13.72,11.62,18,1019,0,10000,0.33,162,0.0,0.0,2024-11-19 01:40:46,2024-11-19 11:59:06
1172451,Lahore,2024-11-19 05:53:56,711,Smoke,smoke,50d,21.99,21.71,56,1018,0,2000,0.0,0,0.0,0.0,2024-11-19 01:34:14,2024-11-19 12:02:10
1174872,Karachi,2024-11-19 05:57:47,721,Haze,haze,50d,28.9,28.69,42,1017,0,2500,2.06,140,0.0,0.0,2024-11-19 01:51:12,2024-11-19 12:43:18
1162015,Islamabad,2024-11-19 05:55:27,800,Clear,clear sky,01d,21.58,20.94,44,1018,0,10000,2.03,246,0.0,0.0,2024-11-19 01:43:23,2024-11-19 12:02:42
1174042,Kharian,2024-11-19 05:57:48,800,Clear,clear sky,01d,22.98,21.91,22,1018,0,10000,1.45,313,0.0,0.0,2024-11-19 01:38:39,2024-11-19 12:01:35
1169684,Murree,2024-11-19 05:57:48,800,Clear,clear sky,01d,11.25,8.93,19,1018,0,10000,1.27,232,0.0,0.0,2024-11-19 01:42:45,2024-11-19 12:01:15
1176734,Hyderābād,2024-11-19 05:57:49,800,Clear,clear sky,01d,29.76,28.08,21,1017,0,10000,0.54,252,0.0,0.0,2024-11-19 01:46:52,2024-11-19 12:37:18
1177662,Gujranwala,2024-11-19 05:56:45,800,Clear,clear sky,01d,14.03,11.93,17,1018,0,10000,1.44,300,0.0,0.0,2024-11-19 01:36:03,2024-11-19 12:01:35
1177446,Gwadar,2024-11-19 05:55:41,800,Clear,clear sky,01d,26.91,27.27,49,1018,0,10000,2.08,293,0.0,0.0,2024-11-19 02:10:36,2024-11-19 13:01:57
1185056,Abbottabad,2024-11-19 05:57:38,800,Clear,clear sky,01d,17.68,16.05,21,1019,0,10000,1.46,313,0.0,0.0,2024-11-19 01:43:58,2024-11-19 12:01:28
1184196,Azad Kashmir,2024-11-19 05:57:50,800,Clear,clear sky,01d,13.72,11.62,18,1019,0,10000,0.33,162,0.0,0.0,2024-11-19 01:40:46,2024-11-19 11:59:06
1172451,Lahore,2024-11-19 05:53:56,711,Smoke,smoke,50d,21.99,21.71,56,1018,0,2000,0.0,0,0.0,0.0,2024-11-19 01:34:14,2024-11-19 12:02:10
1174872,Karachi,2024-11-19 05:57:47,721,Haze,haze,50d,28.9,28.69,42,1017,0,2500,2.06,140,0.0,0.0,2024-11-19 01:51:12,2024-11-19 12:43:18
1162015,Islamabad,2024-11-19 05:55:27,800,Clear,clear sky,01d,21.58,20.94,44,1018,0,10000,2.03,246,0.0,0.0,2024-11-19 01:43:23,2024-11-19 12:02:42
1174042,Kharian,2024-11-19 05:57:48,800,Clear,clear sky,01d,22.98,21.91,22,1018,0,10000,1.45,313,0.0,0.0,2024-11-19 01:38:39,2024-11-19 12:01:35
1169684,Murree,2024-11-19 05:57:48,800,Clear,clear sky,01d,11.25,8.93,19,1018,0,10000,1.27,232,0.0,0.0,2024-11-19 01:42:45,2024-11-19 12:01:15
1176734,Hyderābād,2024-11-19 05:57:49,800,Clear,clear sky,01d,29.76,28.08,21,1017,0,10000,0.54,252,0.0,0.0,2024-11-19 01:46:52,2024-11-19 12:37:18
1177662,Gujranwala,2024-11-19 05:56:45,800,Clear,clear sky,01d,14.03,11.93,17,1018,0,10000,1.44,300,0.0,0.0,2024-11-19 01:36:03,2024-11-19 12:01:35
1177446,Gwadar,2024-11-19 05:55:41,800,Clear,clear sky,01d,26.91,27.27,49,1018,0,10000,2.08,293,0.0,0.0,2024-11-19 02:10:36,2024-11-19 13:01:57
1185056,Abbottabad,2024-11-19 05:57:38,800,Clear,clear sky,01d,17.68,16.05,21,1019,0,10000,1.46,313,0.0,0.0,2024-11-19 01:43:58,2024-11-19 12:01:28
1184196,Azad Kashmir,2024-11-19 05:57:50,800,Clear,clear sky,01d,13.72,11.62,18,1019,0,10000,0.33,162,0.0,0.0,2024-11-19 01:40:46,2024-11-19 11:59:06
